hs_code,year,flow,c_initial_rows,c_valid_country_rows,c_valid_value_rows,uv_type,c_valid_weight_rows,c_fail_reason_non_kg_uv,skip_reason,source_file,d_initial_rows,d_outliers_removed,d_outlier_rate,d_rows_after_outliers,d_z_outliers,d_uv_eq1_removed,d_uv_eq1_share,t_method,t_modality_decision,t_modality_votes,t_sample_capped,t_sample_used,t_sample_original,t_borderline,t_SI_P,t_SI_decision,t_HH_P,t_HH_decision,norm_loc,norm_scale,norm_loglik,norm_mean,norm_median,norm_mode,norm_variance,norm_sample_variance,norm_skew,norm_kurtosis,norm_aic,norm_bic,skewnorm_a,skewnorm_loc,skewnorm_scale,skewnorm_loglik,skewnorm_mean,skewnorm_median,skewnorm_mode,skewnorm_variance,skewnorm_sample_variance,skewnorm_skew,skewnorm_kurtosis,skewnorm_aic,skewnorm_bic,t_df,t_loc,t_scale,t_loglik,t_mean,t_median,t_mode,t_variance,t_sample_variance,t_skew,t_kurtosis,t_aic,t_bic,gennorm_beta,gennorm_loc,gennorm_scale,gennorm_loglik,gennorm_mean,gennorm_median,gennorm_mode,gennorm_variance,gennorm_sample_variance,gennorm_skew,gennorm_kurtosis,gennorm_aic,gennorm_bic,johnsonsu_a,johnsonsu_b,johnsonsu_loc,johnsonsu_scale,johnsonsu_loglik,johnsonsu_mean,johnsonsu_median,johnsonsu_mode,johnsonsu_variance,johnsonsu_sample_variance,johnsonsu_skew,johnsonsu_kurtosis,johnsonsu_aic,johnsonsu_bic,logistic_loc,logistic_scale,logistic_loglik,logistic_mean,logistic_median,logistic_mode,logistic_variance,logistic_sample_variance,logistic_skew,logistic_kurtosis,logistic_aic,logistic_bic,best_fit_name,ci_mean_lower,ci_mean_upper,ci_median_lower,ci_median_upper,ci_mode_lower,ci_mode_upper,ci_variance_lower,ci_variance_upper,q_c_initial_rows,q_c_valid_country_rows,q_c_valid_value_rows,q_uv_type_2,q_c_top_unit,q_c_top_unit_share,q_c_valid_top_unit_rows,q_d_initial_rows,q_d_outliers_removed,q_d_outlier_rate,q_d_rows_after_outliers,q_d_z_outliers,q_d_uv_eq1_removed,q_d_uv_eq1_share,q_t_method,q_t_modality_decision,q_t_modality_votes,q_t_sample_capped,q_t_sample_used,q_t_sample_original,q_t_borderline,q_t_SI_P,q_t_SI_decision,q_t_HH_P,q_t_HH_decision,q_norm_loc,q_norm_scale,q_norm_loglik,q_norm_mean,q_norm_median,q_norm_mode,q_norm_variance,q_norm_sample_variance,q_norm_skew,q_norm_kurtosis,q_norm_aic,q_norm_bic,q_skewnorm_a,q_skewnorm_loc,q_skewnorm_scale,q_skewnorm_loglik,q_skewnorm_mean,q_skewnorm_median,q_skewnorm_mode,q_skewnorm_variance,q_skewnorm_sample_variance,q_skewnorm_skew,q_skewnorm_kurtosis,q_skewnorm_aic,q_skewnorm_bic,q_t_df,q_t_loc,q_t_scale,q_t_loglik,q_t_mean,q_t_median,q_t_mode,q_t_variance,q_t_sample_variance,q_t_skew,q_t_kurtosis,q_t_aic,q_t_bic,q_gennorm_beta,q_gennorm_loc,q_gennorm_scale,q_gennorm_loglik,q_gennorm_mean,q_gennorm_median,q_gennorm_mode,q_gennorm_variance,q_gennorm_sample_variance,q_gennorm_skew,q_gennorm_kurtosis,q_gennorm_aic,q_gennorm_bic,q_johnsonsu_a,q_johnsonsu_b,q_johnsonsu_loc,q_johnsonsu_scale,q_johnsonsu_loglik,q_johnsonsu_mean,q_johnsonsu_median,q_johnsonsu_mode,q_johnsonsu_variance,q_johnsonsu_sample_variance,q_johnsonsu_skew,q_johnsonsu_kurtosis,q_johnsonsu_aic,q_johnsonsu_bic,q_logistic_loc,q_logistic_scale,q_logistic_loglik,q_logistic_mean,q_logistic_median,q_logistic_mode,q_logistic_variance,q_logistic_sample_variance,q_logistic_skew,q_logistic_kurtosis,q_logistic_aic,q_logistic_bic,q_best_fit_name,q_ci_mean_lower,q_ci_mean_upper,q_ci_median_lower,q_ci_median_upper,q_ci_mode_lower,q_ci_mode_upper,q_ci_variance_lower,q_ci_variance_upper,q_cs_n_samples,q_cs_optimal_components,q_cs_bic_best_components,q_cs_bic_at_optimal_components,q_cs_bic_at_best_components,q_cs_l_shape_adjustment,q_cs_tick_shape_adjustment,q_cs_converged_early,q_cs_threshold,q_cs_n_init,q_cs_reg_covar,q_gmm_components,q_gmm_samples,q_gmm_reg_covar,q_gmm_n_init,q_gmm_c1_mean,q_gmm_c1_proportion,q_gmm_c1_covariance,q_gmm_c1_mean_ci_lower,q_gmm_c1_mean_ci_upper,q_gmm_c1_country1,q_gmm_c1_country2,q_gmm_c1_country3,q_gmm_c2_mean,q_gmm_c2_proportion,q_gmm_c2_covariance,q_gmm_c2_mean_ci_lower,q_gmm_c2_mean_ci_upper,q_gmm_c2_country1,q_gmm_c2_country2,q_gmm_c2_country3,q_gmm_c3_mean,q_gmm_c3_proportion,q_gmm_c3_covariance,q_gmm_c3_mean_ci_lower,q_gmm_c3_mean_ci_upper,q_gmm_c3_country1,q_gmm_c3_country2,q_gmm_c3_country3,q_gmm_c4_mean,q_gmm_c4_proportion,q_gmm_c4_covariance,q_gmm_c4_mean_ci_lower,q_gmm_c4_mean_ci_upper,q_gmm_c4_country1,q_gmm_c4_country2,q_gmm_c4_country3,cs_n_samples,cs_optimal_components,cs_bic_best_components,cs_bic_at_optimal_components,cs_bic_at_best_components,cs_l_shape_adjustment,cs_tick_shape_adjustment,cs_converged_early,cs_threshold,cs_n_init,cs_reg_covar,gmm_components,gmm_samples,gmm_reg_covar,gmm_n_init,gmm_c1_mean,gmm_c1_proportion,gmm_c1_covariance,gmm_c1_mean_ci_lower,gmm_c1_mean_ci_upper,gmm_c1_country1,gmm_c1_country2,gmm_c1_country3,gmm_c2_mean,gmm_c2_proportion,gmm_c2_covariance,gmm_c2_mean_ci_lower,gmm_c2_mean_ci_upper,gmm_c2_country1,gmm_c2_country2,gmm_c2_country3,gmm_c3_mean,gmm_c3_proportion,gmm_c3_covariance,gmm_c3_mean_ci_lower,gmm_c3_mean_ci_upper,gmm_c3_country1,gmm_c3_country2,gmm_c3_country3,gmm_c4_mean,gmm_c4_proportion,gmm_c4_covariance,gmm_c4_mean_ci_lower,gmm_c4_mean_ci_upper,gmm_c4_country1,gmm_c4_country2,gmm_c4_country3,gmm_c5_mean,gmm_c5_proportion,gmm_c5_covariance,gmm_c5_mean_ci_lower,gmm_c5_mean_ci_upper,gmm_c5_country1,gmm_c5_country2,gmm_c6_mean,gmm_c6_proportion,gmm_c6_covariance,gmm_c6_mean_ci_lower,gmm_c6_mean_ci_upper,gmm_c6_country1,gmm_c6_country2,gmm_c6_country3,gmm_c5_country3
010121,2010,m,35,35,14,USD/kg,2,No non-kg alternative units found,Too few kg-based and non-kg-based records,report_010121_2010_m.parquet,,,,,,,,,,,,,,,,,,,,,,,,,,,,,,,,,,,,,,,,,,,,,,,,,,,,,,,,,,,,,,,,,,,,,,,,,,,,,,,,,,,,,,,,,,,,,,,,,,,,,,,,,,,,,,,,,,,,,,,,,,,,,,,,,,,,,,,,,,,,,,,,,,,,,,,,,,,,,,,,,,,,,,,,,,,,,,,,,,,,,,,,,,,,,,,,,,,,,,,,,,,,,,,,,,,,,,,,,,,,,,,,,,,,,,,,,,,,,,,,,,,,,,,,,,,,,,,,,,,,,,,,,,,,,,,,,,,,,,,,,,,,,,,,,,,,,,,,,,,,,,,,,,,,,,,,,,,,,,,,,,,,,
010121,2010,x,27,27,3,USD/kg,1,No non-kg alternative units found,Too few kg-based and non-kg-based records,report_010121_2010_x.parquet,,,,,,,,,,,,,,,,,,,,,,,,,,,,,,,,,,,,,,,,,,,,,,,,,,,,,,,,,,,,,,,,,,,,,,,,,,,,,,,,,,,,,,,,,,,,,,,,,,,,,,,,,,,,,,,,,,,,,,,,,,,,,,,,,,,,,,,,,,,,,,,,,,,,,,,,,,,,,,,,,,,,,,,,,,,,,,,,,,,,,,,,,,,,,,,,,,,,,,,,,,,,,,,,,,,,,,,,,,,,,,,,,,,,,,,,,,,,,,,,,,,,,,,,,,,,,,,,,,,,,,,,,,,,,,,,,,,,,,,,,,,,,,,,,,,,,,,,,,,,,,,,,,,,,,,,,,,,,,,,,,,,,
010129,2010,m,113,113,0,USD/kg,0,No non-kg alternative units found,Too few kg-based and non-kg-based records,report_010129_2010_m.parquet,,,,,,,,,,,,,,,,,,,,,,,,,,,,,,,,,,,,,,,,,,,,,,,,,,,,,,,,,,,,,,,,,,,,,,,,,,,,,,,,,,,,,,,,,,,,,,,,,,,,,,,,,,,,,,,,,,,,,,,,,,,,,,,,,,,,,,,,,,,,,,,,,,,,,,,,,,,,,,,,,,,,,,,,,,,,,,,,,,,,,,,,,,,,,,,,,,,,,,,,,,,,,,,,,,,,,,,,,,,,,,,,,,,,,,,,,,,,,,,,,,,,,,,,,,,,,,,,,,,,,,,,,,,,,,,,,,,,,,,,,,,,,,,,,,,,,,,,,,,,,,,,,,,,,,,,,,,,,,,,,,,,,
010129,2010,x,95,95,0,USD/kg,0,No non-kg alternative units found,Too few kg-based and non-kg-based records,report_010129_2010_x.parquet,,,,,,,,,,,,,,,,,,,,,,,,,,,,,,,,,,,,,,,,,,,,,,,,,,,,,,,,,,,,,,,,,,,,,,,,,,,,,,,,,,,,,,,,,,,,,,,,,,,,,,,,,,,,,,,,,,,,,,,,,,,,,,,,,,,,,,,,,,,,,,,,,,,,,,,,,,,,,,,,,,,,,,,,,,,,,,,,,,,,,,,,,,,,,,,,,,,,,,,,,,,,,,,,,,,,,,,,,,,,,,,,,,,,,,,,,,,,,,,,,,,,,,,,,,,,,,,,,,,,,,,,,,,,,,,,,,,,,,,,,,,,,,,,,,,,,,,,,,,,,,,,,,,,,,,,,,,,,,,,,,,,,
010130,2010,m,5,5,0,USD/kg,0,No non-kg alternative units found,Too few kg-based and non-kg-based records,report_010130_2010_m.parquet,,,,,,,,,,,,,,,,,,,,,,,,,,,,,,,,,,,,,,,,,,,,,,,,,,,,,,,,,,,,,,,,,,,,,,,,,,,,,,,,,,,,,,,,,,,,,,,,,,,,,,,,,,,,,,,,,,,,,,,,,,,,,,,,,,,,,,,,,,,,,,,,,,,,,,,,,,,,,,,,,,,,,,,,,,,,,,,,,,,,,,,,,,,,,,,,,,,,,,,,,,,,,,,,,,,,,,,,,,,,,,,,,,,,,,,,,,,,,,,,,,,,,,,,,,,,,,,,,,,,,,,,,,,,,,,,,,,,,,,,,,,,,,,,,,,,,,,,,,,,,,,,,,,,,,,,,,,,,,,,,,,,,
010130,2010,x,1,1,0,USD/kg,0,No non-kg alternative units found,Too few kg-based and non-kg-based records,report_010130_2010_x.parquet,,,,,,,,,,,,,,,,,,,,,,,,,,,,,,,,,,,,,,,,,,,,,,,,,,,,,,,,,,,,,,,,,,,,,,,,,,,,,,,,,,,,,,,,,,,,,,,,,,,,,,,,,,,,,,,,,,,,,,,,,,,,,,,,,,,,,,,,,,,,,,,,,,,,,,,,,,,,,,,,,,,,,,,,,,,,,,,,,,,,,,,,,,,,,,,,,,,,,,,,,,,,,,,,,,,,,,,,,,,,,,,,,,,,,,,,,,,,,,,,,,,,,,,,,,,,,,,,,,,,,,,,,,,,,,,,,,,,,,,,,,,,,,,,,,,,,,,,,,,,,,,,,,,,,,,,,,,,,,,,,,,,,
010190,2010,m,3600,3071,472,USD/kg,328,None,,report_010190_2010_m.parquet,328,34,10.365853658536585,294,34,0,0.0152,SI+HH,unimodal,0,False,294,294,False,0.168,fail to reject,0.598,fail to reject,2.003619618504441,1.331243993398799,-501.28539727074167,2.003619618504441,2.003619618504441,2.00362115570586,1.7722105699603814,1.7782590701991539,0.0,0.0,1006.5707945414833,1013.9379540761607,1.3691775347175588,0.8938778897480923,1.7331185415395014,-498.15598060582977,2.0105761114365057,1.9512290593625354,1.8294040327162728,1.7566849607059438,1.7782590701991539,0.2567024885271096,0.14270074757371617,1002.3119612116595,1013.3627005136756,5.042997737488147,1.9742002245819494,1.0543958460445273,-493.5167876027596,1.9742002245819494,1.9742002245819494,1.9742008563387161,1.8424449325636105,1.7782590701991539,0.0,5.752649103966237,993.0335752055192,1004.0843145075353,1.3687969060395815,2.0477522441290406,1.4175684158556316,-494.97870073951634,2.0477522441290406,2.0477522441290406,2.047751279965384,1.7602774784138726,1.7782590701991539,0.0,1.1096629446775381,995.9574014790327,1007.0081407810487,-0.11185874428408141,1.7039762080560155,1.8478110273604074,1.8948822592109045,-493.21903945158215,1.9956836304167112,1.972291296870708,1.9403909650342333,1.7887603807566432,1.7782590701991539,0.16436457220789225,2.51301956209631,994.4380789031643,1009.172397972519,1.9805962180364678,0.7198779569953891,-493.7901209849824,1.9805962180364678,1.9805962180364678,1.9805963966561808,1.7048895217449593,1.7782590701991539,0.0,1.2,991.5802419699648,998.9474015046422,logistic,1.8462028726477937,2.114643914528346,1.8462028726477937,2.114643914528346,1.8462039019910281,2.1146439816939924,1.3800388705040803,2.0707764958913506,3600,3071,472,USD/u,Number of items (u),0.5878,261,261,2,0.7662835249042145,259,2,0,0.0,SI+HH,unimodal,1,False,259,259,True,0.07,fail to reject,0.0,reject,8.45474425947963,1.4052304197972174,-455.61721400148247,8.45474425947963,8.45474425947963,8.454744078312654,1.9746725327234638,1.9823263022301438,0.0,0.0,915.2344280029649,922.348084126364,1.6391011609215456,7.15127745498942,1.9166908815687849,-452.4860888676758,8.456792219017508,8.3703880662113,8.190276601756725,1.9693351363936078,1.9823263022301438,0.34556468123268635,0.2121087614173904,910.9721777353516,921.6426619204502,18.558075814149028,8.430907166925051,1.328501482148868,-455.2116387134695,8.430907166925051,8.430907166925051,8.430907898080932,1.9780950873449992,1.9823263022301438,0.0,0.41214237902021267,916.423277426939,927.0937616120376,1.5341696133633937,8.4907390623885,1.6713282213180596,-454.2001601672292,8.4907390623885,8.4907390623885,8.490740202054772,1.9857263450974336,1.9823263022301438,0.0,0.6858560638157121,914.4003203344585,925.0708045195571,-10.647634134182471,6.786271323117454,-0.2516024195094184,3.7498242451942936,-452.16136651071054,8.454956247355572,8.360940917464465,8.176270084604765,1.9760532903466332,1.9823263022301438,0.41109755458518205,0.31626700108323114,912.3227330214211,926.5500452682193,8.421825428897163,0.7901998484350361,-455.69228436012514,8.421825428897163,8.421825428897163,8.421825617722273,2.054245644132137,1.9823263022301438,0.0,1.2,915.3845687202503,922.4982248436494,skewnorm,8.276189900745477,8.629108839118784,8.082087330514616,8.548208022918063,7.245848757723423,8.434960395298626,1.5832875015625876,2.3777962864601085,259,4,4,874.8418,874.8418,None,None,True,0.2,10,0.001,4,259,0.001,10,8.7094,0.5503,0.2211,8.6322,8.7866,BEL (27.4%),ARG (11.64%),DEU (11.64%),6.8762,0.2741,0.0962,6.8041,6.9483,DEU (22.54%),DNK (16.9%),NLD (16.9%),10.6964,0.1564,0.9403,10.3977,10.995,NZL (18.92%),DEU (16.22%),ITA (13.51%),5.4398,0.0192,0.0604,5.224,5.6555,NAM (20.0%),NLD (20.0%),NZL (20.0%),,,,,,,,,,,,,,,,,,,,,,,,,,,,,,,,,,,,,,,,,,,,,,,,,,,,,,,,,,,,,,,
010190,2010,x,4220,3348,529,USD/kg,393,None,,report_010190_2010_x.parquet,393,2,0.5089058524173028,391,2,0,0.0,SI+HH,unimodal,0,False,391,391,False,0.232,fail to reject,0.448,fail to reject,2.2747472659530468,1.7564910165083718,-775.0623350918062,2.2747472659530468,2.2747472659530468,2.2747463726780666,3.0852606910746134,3.0931716159235227,0.0,0.0,1554.1246701836124,1562.062085303583,2.645513944492989,0.30194183562549215,2.641429225317722,-764.4979358377436,2.27335746650183,2.069682933955044,1.6093195137041576,3.0906687626990323,3.0931716159235227,0.6052284334808031,0.44779431294585903,1534.9958716754873,1546.9019943554433,4253096314.69145,2.2747463121414286,1.7564877027879784,-775.0623350974722,2.2747463121414286,2.2747463121414286,2.274745418874258,3.085249051496214,3.0931716159235227,0.0,1.4107369223963203e-09,1556.1246701949444,1568.0307928749005,2.5724304520127834,2.3881556925128553,2.7514527918801672,-772.2837311906464,2.3881556925128553,2.3881556925128553,2.3881555898843945,3.075256399823131,3.0931716159235227,0.0,-0.4065955828305188,1550.567462381293,1562.473585061249,-1.4318500919215875,1.6440081493421452,0.16463650085564185,1.8084181992095312,-763.5366585631213,2.308593998833132,1.9464960910108764,1.4413509357984,3.849985904138585,3.0931716159235227,1.737636670373577,7.24481703430326,1535.0733171262425,1550.948147366184,2.150625410879293,1.0182855731724318,-781.7320377048782,2.150625410879293,2.150625410879293,2.150625997940083,3.411282390170808,3.0931716159235227,0.0,1.2,1567.4640754097563,1575.401490529727,skewnorm,2.1220781970315654,2.4355234503875547,1.9141681985919818,2.2717259392358677,1.115240396470182,2.0824657412159437,2.6891588329073337,3.5248711519481994,4220,3348,529,USD/u,Number of items (u),0.6206,314,314,0,0.0,314,0,0,0.0,SI+HH,unimodal,0,False,314,314,False,0.288,fail to reject,0.326,fail to reject,9.116995643171878,1.8885330116030021,-645.1880072373784,9.116995643171878,9.116995643171878,9.116995780511193,3.566556935914305,3.5779516865082805,0.0,0.0,1294.3760144747569,1301.8748004465733,1.6542511606037094,7.332798872583268,2.5980606809215856,-643.8711968788712,9.106806900533506,8.988158639520899,8.740594621770413,3.6028148185188438,3.5779516865082805,0.35040255323436514,0.2160773073300102,1293.7423937577423,1304.9905727154671,492267339.3882885,9.117002735201762,1.8885358717561953,-645.1880073100031,9.117002735201762,9.117002735201762,9.117002872537604,3.5665677534003013,3.5779516865082805,0.0,1.2188499152127058e-08,1296.3760146200061,1307.624193577731,2.786757158405946,9.175553952295612,3.0234876407522653,-641.2476692131615,9.175553952295612,9.175553952295612,9.175556357047508,3.541767650681526,3.5779516865082805,0.0,-0.5032366259465482,1288.495338426323,1299.743517384048,30258496.35012215,86313074.45873636,55050262.47267532,153861208.4825675,-645.1899651674223,9.116982907056808,9.116982907056808,9.116983041716368,3.584428520955743,3.5779516865082805,-1.170893626002656e-08,8.881784197001252e-16,1298.3799303348446,1313.3775022784776,9.066720795321833,1.112814322264901,-653.2995638182306,9.066720795321833,9.066720795321833,9.066719358474112,4.074027007715936,3.5779516865082805,0.0,1.2,1310.5991276364612,1318.0979136082776,gennorm,8.96776496927455,9.429005149651038,8.96776496927455,9.429005149651038,8.967763435367333,9.428945993648098,3.080711358962273,4.0868764676352844,,,,,,,,,,,,,,,,,,,,,,,,,,,,,,,,,,,,,,,,,,,,,,,,,,,,,,,,,,,,,,,,,,,,,,,,,,,,,,,,,,,,,,,,,,,,,,,,,,,,,,,,,,,,,,
010221,2010,m,65,65,60,USD/kg,12,No non-kg alternative units found,Too few kg-based and non-kg-based records,report_010221_2010_m.parquet,,,,,,,,,,,,,,,,,,,,,,,,,,,,,,,,,,,,,,,,,,,,,,,,,,,,,,,,,,,,,,,,,,,,,,,,,,,,,,,,,,,,,,,,,,,,,,,,,,,,,,,,,,,,,,,,,,,,,,,,,,,,,,,,,,,,,,,,,,,,,,,,,,,,,,,,,,,,,,,,,,,,,,,,,,,,,,,,,,,,,,,,,,,,,,,,,,,,,,,,,,,,,,,,,,,,,,,,,,,,,,,,,,,,,,,,,,,,,,,,,,,,,,,,,,,,,,,,,,,,,,,,,,,,,,,,,,,,,,,,,,,,,,,,,,,,,,,,,,,,,,,,,,,,,,,,,,,,,,,,,,,,,
010221,2010,x,6,6,2,USD/kg,0,No non-kg alternative units found,Too few kg-based and non-kg-based records,report_010221_2010_x.parquet,,,,,,,,,,,,,,,,,,,,,,,,,,,,,,,,,,,,,,,,,,,,,,,,,,,,,,,,,,,,,,,,,,,,,,,,,,,,,,,,,,,,,,,,,,,,,,,,,,,,,,,,,,,,,,,,,,,,,,,,,,,,,,,,,,,,,,,,,,,,,,,,,,,,,,,,,,,,,,,,,,,,,,,,,,,,,,,,,,,,,,,,,,,,,,,,,,,,,,,,,,,,,,,,,,,,,,,,,,,,,,,,,,,,,,,,,,,,,,,,,,,,,,,,,,,,,,,,,,,,,,,,,,,,,,,,,,,,,,,,,,,,,,,,,,,,,,,,,,,,,,,,,,,,,,,,,,,,,,,,,,,,,
010229,2010,m,14,14,12,USD/kg,12,No non-kg alternative units found,Too few kg-based and non-kg-based records,report_010229_2010_m.parquet,,,,,,,,,,,,,,,,,,,,,,,,,,,,,,,,,,,,,,,,,,,,,,,,,,,,,,,,,,,,,,,,,,,,,,,,,,,,,,,,,,,,,,,,,,,,,,,,,,,,,,,,,,,,,,,,,,,,,,,,,,,,,,,,,,,,,,,,,,,,,,,,,,,,,,,,,,,,,,,,,,,,,,,,,,,,,,,,,,,,,,,,,,,,,,,,,,,,,,,,,,,,,,,,,,,,,,,,,,,,,,,,,,,,,,,,,,,,,,,,,,,,,,,,,,,,,,,,,,,,,,,,,,,,,,,,,,,,,,,,,,,,,,,,,,,,,,,,,,,,,,,,,,,,,,,,,,,,,,,,,,,,,
010229,2010,x,64,64,0,USD/kg,0,No non-kg alternative units found,Too few kg-based and non-kg-based records,report_010229_2010_x.parquet,,,,,,,,,,,,,,,,,,,,,,,,,,,,,,,,,,,,,,,,,,,,,,,,,,,,,,,,,,,,,,,,,,,,,,,,,,,,,,,,,,,,,,,,,,,,,,,,,,,,,,,,,,,,,,,,,,,,,,,,,,,,,,,,,,,,,,,,,,,,,,,,,,,,,,,,,,,,,,,,,,,,,,,,,,,,,,,,,,,,,,,,,,,,,,,,,,,,,,,,,,,,,,,,,,,,,,,,,,,,,,,,,,,,,,,,,,,,,,,,,,,,,,,,,,,,,,,,,,,,,,,,,,,,,,,,,,,,,,,,,,,,,,,,,,,,,,,,,,,,,,,,,,,,,,,,,,,,,,,,,,,,,
010239,2010,m,0,0,0,USD/kg,0,No non-kg alternative units found,Too few kg-based and non-kg-based records,report_010239_2010_m.parquet,,,,,,,,,,,,,,,,,,,,,,,,,,,,,,,,,,,,,,,,,,,,,,,,,,,,,,,,,,,,,,,,,,,,,,,,,,,,,,,,,,,,,,,,,,,,,,,,,,,,,,,,,,,,,,,,,,,,,,,,,,,,,,,,,,,,,,,,,,,,,,,,,,,,,,,,,,,,,,,,,,,,,,,,,,,,,,,,,,,,,,,,,,,,,,,,,,,,,,,,,,,,,,,,,,,,,,,,,,,,,,,,,,,,,,,,,,,,,,,,,,,,,,,,,,,,,,,,,,,,,,,,,,,,,,,,,,,,,,,,,,,,,,,,,,,,,,,,,,,,,,,,,,,,,,,,,,,,,,,,,,,,,
010239,2010,x,1,1,0,USD/kg,0,No non-kg alternative units found,Too few kg-based and non-kg-based records,report_010239_2010_x.parquet,,,,,,,,,,,,,,,,,,,,,,,,,,,,,,,,,,,,,,,,,,,,,,,,,,,,,,,,,,,,,,,,,,,,,,,,,,,,,,,,,,,,,,,,,,,,,,,,,,,,,,,,,,,,,,,,,,,,,,,,,,,,,,,,,,,,,,,,,,,,,,,,,,,,,,,,,,,,,,,,,,,,,,,,,,,,,,,,,,,,,,,,,,,,,,,,,,,,,,,,,,,,,,,,,,,,,,,,,,,,,,,,,,,,,,,,,,,,,,,,,,,,,,,,,,,,,,,,,,,,,,,,,,,,,,,,,,,,,,,,,,,,,,,,,,,,,,,,,,,,,,,,,,,,,,,,,,,,,,,,,,,,,
010290,2010,m,6621,6495,1207,USD/kg,738,None,,report_010290_2010_m.parquet,738,104,14.092140921409213,634,104,0,0.0176,SI+HH,unimodal,0,False,634,634,False,0.058,fail to reject,0.85,fail to reject,1.1472623486431537,0.4802415421805736,-434.58952976958807,1.1472623486431537,1.1472623486431537,1.1472616115090155,0.23063193883597563,0.2309962862906928,0.0,0.0,873.1790595391761,882.0831574480505,-1.678926419984656,1.59199445471351,0.6545374229042353,-423.06565666027416,1.1433078588127774,1.173822563492057,1.23759319809481,0.2270995766411303,0.2309962862906928,-0.35823517752364104,0.22254121238263908,852.1313133205483,865.48746018386,2.8280979964627218,1.1930394955741224,0.31737313921965304,-411.02750938491613,1.1930394955741224,1.1930394955741224,1.1930407665648208,0.34399573292143776,0.2309962862906928,nan,inf,828.0550187698323,841.4111656331439,0.9682448446501508,1.1865475677379678,0.32834256590358746,-397.1515179380092,1.1865475677379678,1.1865475677379678,1.186549377157269,0.24086748552514975,0.2309962862906928,0.0,3.2855762448425123,800.3030358760184,813.65918273933,0.3055851692476643,1.1490988584379513,1.2937612305872512,0.37857552620409196,-400.37489644136974,1.1450011126820239,1.191894029425383,1.2360621707346258,0.27930313713727883,0.2309962862906928,-1.481787576614354,17.089367756457786,808.7497928827395,826.5579887004884,1.1744727307223934,0.2558486919896069,-416.58731989921466,1.1744727307223934,1.1744727307223934,1.174472587490319,0.21535000822684308,0.2309962862906928,0.0,1.2,837.1746397984293,846.0787377073037,gennorm,1.159161369988082,1.2119184603531126,1.159161369988082,1.2119184603531126,1.1591603096190615,1.2119189357569002,0.206879337785989,0.2789806086019331,6621,6495,1207,USD/u,Number of items (u),0.4782,549,549,7,1.2750455373406193,542,7,0,0.0,SI+HH,unimodal,0,False,542,542,False,0.214,fail to reject,0.868,fail to reject,6.8095675000344364,0.7523964984890738,-614.8701102344139,6.8095675000344364,6.8095675000344364,6.809566273422072,0.5661004909386188,0.5671468874098547,0.0,0.0,1233.7402204688278,1242.3307524717072,-2.6677423209272977,7.635404617012819,1.1171807032419179,-591.0676977012715,6.800736874135396,6.887483499058137,7.083963037377616,0.5514224826960145,0.5671468874098547,-0.6095054812633537,0.45201859105808456,1188.135395402543,1201.021193406862,22.889348100226464,6.829664428230728,0.7195282678367776,-614.5902948957703,6.829664428230728,6.829664428230728,6.829665009002734,0.5672888635803978,0.5671468874098547,0.0,0.31763933663375427,1235.1805897915406,1248.0663877958596,1.6068958829853321,6.8711150251777315,0.9290870585803266,-613.7297289554446,6.8711150251777315,6.8711150251777315,6.871114959550648,0.5699422452875119,0.5671468874098547,0.0,0.5396753051117025,1233.4594579108891,1246.345255915208,1.0648508445653433,1.3381371695929225,7.498004138926386,0.6053358135671509,-581.891107146672,6.791751125389126,6.96382071647362,7.1645113247222065,0.749690659197977,0.5671468874098547,-2.401360374881458,15.332264968084928,1171.782214293344,1188.9632782991025,6.879962329060111,0.420617897791509,-614.4581710404728,6.879962329060111,6.879962329060111,6.879961868141758,0.5820415487415779,0.5671468874098547,0.0,1.2,1232.9163420809457,1241.506874083825,johnsonsu,6.729538619563926,6.8549816037727505,6.888027370742927,7.0321225938860445,7.070576345888368,7.235425533360521,0.6061187792678914,0.9527369701643358,,,,,,,,,,,,,,,,,,,,,,,,,,,,,,,,,,,,,,,,,,,,,,,,,,,,,,,,,,,,,,,,,,,,,,,,,,,,,,,,,,,,,,,,,,,,,,,,,,,,,,,,,,,,,,
010290,2010,x,6829,6011,1381,USD/kg,973,None,,report_010290_2010_x.parquet,973,45,4.6248715313463515,928,45,0,0.0,SI+HH,unimodal,0,False,928,928,False,0.224,fail to reject,0.59,fail to reject,1.03022935442284,0.5457150404678118,-754.7240161558243,1.03022935442284,1.03022935442284,1.0302285564848819,0.2978049053927855,0.29812616203290715,0.0,0.0,1513.4480323116486,1523.114095777221,0.955240158914222,0.6705775548622201,0.6535698710028681,-752.9346209603973,1.0307792720775675,1.0193326402610057,0.9962188138231356,0.2974082991978207,0.29812616203290715,0.12367193098684835,0.05389489939892881,1511.8692419207946,1526.3683371191532,7.973545895313025,1.0276990707081484,0.47496886083643597,-745.5822265335858,1.0276990707081484,1.0276990707081484,1.02769880091497,0.3011269113543726,0.29812616203290715,0.0,1.509986334139809,1497.1644530671715,1511.6635482655302,1.4340075387238973,1.0455391104836405,0.6105918388897313,-743.1456493197293,1.0455391104836405,1.0455391104836405,1.0455380894637603,0.2984435480760159,0.29812616203290715,0.0,0.9247163195549537,1492.2912986394585,1506.7903938378172,-0.00882441760611952,2.077277078114859,1.0242954499888963,1.009708657683443,-745.1185588423299,1.0291117317544636,1.0285847755432649,1.0277773325237687,0.30056487529633363,0.29812616203290715,0.0077696421487954415,1.353133086861451,1498.2371176846598,1517.5692446158046,1.0302878987020954,0.30169039727656033,-744.5433153832614,1.0302878987020954,1.0302878987020954,1.0302874236374,0.2994342431232602,0.29812616203290715,0.0,1.2,1493.0866307665228,1502.7526942320953,gennorm,1.0043237375109162,1.0803463044244366,1.0043237375109162,1.0803463044244366,1.0043231150680827,1.0803438251579305,0.26882212473478934,0.3343741977148461,6829,6011,1381,USD/u,Number of items (u),0.5421,734,734,13,1.7711171662125342,721,13,0,0.0,SI+HH,unimodal,1,False,721,721,True,0.028,reject,0.71,fail to reject,6.8672507088882115,0.6579772349461905,-721.254936661861,6.8672507088882115,6.8672507088882115,6.867250823951805,0.43293404170743444,0.43353533898758356,0.0,0.0,1446.509873323722,1455.671151598292,-2.797467882142829,7.61103061232993,0.9930477023296309,-692.140967025638,6.864929672052317,6.94503540147282,7.128704126848532,0.4294771260190202,0.43353533898758356,-0.6333534413898145,0.4757524017301043,1390.281934051276,1404.023851463131,82.23126179029911,6.872051321413867,0.6499827510833023,-721.2354436490997,6.872051321413867,6.872051321413867,6.872051515467395,0.4330090719678532,0.43353533898758356,0.0,0.07669568229748297,1448.4708872981994,1462.2128047100543,1.524391596703734,6.909856603580774,0.7796680612828875,-718.1544970335121,6.909856603580774,6.909856603580774,6.909855224207216,0.4367652425827754,0.43353533898758356,0.0,0.7071106550146693,1442.3089940670243,1456.0509114788792,3.476879954113816,3.201624006350957,8.530979637778968,1.2076191180711096,-694.545998353989,6.866907028546043,6.946130257115396,7.090787918976064,0.44086613782937606,0.43353533898758356,-0.8014774197869762,1.330496462157532,1397.091996707978,1415.4145532571179,6.915490784058755,0.36910451635692426,-721.9536100971782,6.915490784058755,6.915490784058755,6.915491010335173,0.44820552852335904,0.43353533898758356,0.0,1.2,1447.9072201943563,1457.0684984689262,skewnorm,6.822049887140274,6.91622533786255,6.900137364155562,6.995895383008855,7.06383801821021,7.221535313425229,0.3823649312138314,0.47433071353449074,721,3,3,1386.5987,1386.5987,None,None,True,0.2,10,0.001,3,721,0.001,10,6.7973,0.4717,0.0803,6.7672,6.8274,ITA (18.86%),AUT (14.86%),NLD (11.43%),7.4569,0.3678,0.0973,7.4194,7.4944,FRA (21.24%),ITA (19.69%),NLD (19.31%),5.7219,0.1606,0.1214,5.6585,5.7854,NLD (24.11%),HRV (19.64%),ITA (13.39%),,,,,,,,,,,,,,,,,,,,,,,,,,,,,,,,,,,,,,,,,,,,,,,,,,,,,,,,,,,,,,,,,,,,,,,
010310,2010,m,751,696,137,USD/kg,85,count 94 < 200,Too few kg-based and non-kg-based records,report_010310_2010_m.parquet,,,,,,,,,,,,,,,,,,,,,,,,,,,,,,,,,,,,,,,,,,,,,,,,,,,,,,,,,,,,,,,,,,,,,,,,,,,,,,,,,,,,,,,,,,,,,,,,,,,,,,,,,,,,,,,,,,,,,,,,,,,,,,,,,,,,,,,,,,,,,,,,,,,,,,,,,,,,,,,,,,,,,,,,,,,,,,,,,,,,,,,,,,,,,,,,,,,,,,,,,,,,,,,,,,,,,,,,,,,,,,,,,,,,,,,,,,,,,,,,,,,,,,,,,,,,,,,,,,,,,,,,,,,,,,,,,,,,,,,,,,,,,,,,,,,,,,,,,,,,,,,,,,,,,,,,,,,,,,,,,,,,,
010310,2010,x,1177,1002,113,USD/kg,103,count 63 < 200,Too few kg-based and non-kg-based records,report_010310_2010_x.parquet,,,,,,,,,,,,,,,,,,,,,,,,,,,,,,,,,,,,,,,,,,,,,,,,,,,,,,,,,,,,,,,,,,,,,,,,,,,,,,,,,,,,,,,,,,,,,,,,,,,,,,,,,,,,,,,,,,,,,,,,,,,,,,,,,,,,,,,,,,,,,,,,,,,,,,,,,,,,,,,,,,,,,,,,,,,,,,,,,,,,,,,,,,,,,,,,,,,,,,,,,,,,,,,,,,,,,,,,,,,,,,,,,,,,,,,,,,,,,,,,,,,,,,,,,,,,,,,,,,,,,,,,,,,,,,,,,,,,,,,,,,,,,,,,,,,,,,,,,,,,,,,,,,,,,,,,,,,,,,,,,,,,,
010391,2010,m,1327,1253,183,USD/kg,136,count 167 < 200,Too few kg-based and non-kg-based records,report_010391_2010_m.parquet,,,,,,,,,,,,,,,,,,,,,,,,,,,,,,,,,,,,,,,,,,,,,,,,,,,,,,,,,,,,,,,,,,,,,,,,,,,,,,,,,,,,,,,,,,,,,,,,,,,,,,,,,,,,,,,,,,,,,,,,,,,,,,,,,,,,,,,,,,,,,,,,,,,,,,,,,,,,,,,,,,,,,,,,,,,,,,,,,,,,,,,,,,,,,,,,,,,,,,,,,,,,,,,,,,,,,,,,,,,,,,,,,,,,,,,,,,,,,,,,,,,,,,,,,,,,,,,,,,,,,,,,,,,,,,,,,,,,,,,,,,,,,,,,,,,,,,,,,,,,,,,,,,,,,,,,,,,,,,,,,,,,,
010391,2010,x,1403,1210,226,USD/kg,168,count 174 < 200,Too few kg-based and non-kg-based records,report_010391_2010_x.parquet,,,,,,,,,,,,,,,,,,,,,,,,,,,,,,,,,,,,,,,,,,,,,,,,,,,,,,,,,,,,,,,,,,,,,,,,,,,,,,,,,,,,,,,,,,,,,,,,,,,,,,,,,,,,,,,,,,,,,,,,,,,,,,,,,,,,,,,,,,,,,,,,,,,,,,,,,,,,,,,,,,,,,,,,,,,,,,,,,,,,,,,,,,,,,,,,,,,,,,,,,,,,,,,,,,,,,,,,,,,,,,,,,,,,,,,,,,,,,,,,,,,,,,,,,,,,,,,,,,,,,,,,,,,,,,,,,,,,,,,,,,,,,,,,,,,,,,,,,,,,,,,,,,,,,,,,,,,,,,,,,,,,,
010392,2010,m,1715,1621,270,USD/kg,163,None,,report_010392_2010_m.parquet,,,,,,,,,,,,,,,,,,,,,,,,,,,,,,,,,,,,,,,,,,,,,,,,,,,,,,,,,,,,,,,,,,,,,,,,,,,,,,,,,,,,,,,,,,,,,,,,,,,,,,,,,1715,1621,270,USD/u,Number of items (u),0.8949,230,230,13,5.6521739130434785,217,13,0,0.0,SI+HH,unimodal,0,False,217,217,False,0.714,fail to reject,0.988,fail to reject,5.321907424389581,0.3209003040649718,-61.262083723088494,5.321907424389581,5.321907424389581,5.321908274312331,0.10297700514899134,0.10345375054319964,0.0,0.0,126.52416744617699,133.2839621532579,1.7973990809784768,5.013983477322299,0.44474244612044733,-57.38956971441499,5.324075036088824,5.3013544534251436,5.25349221349002,0.10163906856294547,0.10345375054319964,0.3949501179301125,0.25345983061088656,120.77913942882998,130.91883148945135,5.820225666756327,5.297238015572095,0.2643331111704186,-57.86933425290156,5.297238015572095,5.297238015572095,5.297238164655668,0.10645202832707902,0.10345375054319964,0.0,3.296294580161646,121.73866850580312,131.8783605664245,1.511068158239604,5.293062869052586,0.37592156637709173,-59.317312465495945,5.293062869052586,5.293062869052586,5.2930635453034665,0.10305445501778303,0.10345375054319964,0.0,0.7367382440343522,124.63462493099189,134.77431699161326,-0.8547848608797477,1.0201976857761963,5.08592269066095,0.17145465090697434,-46.779971779568385,5.346316530739833,5.2469859323543036,5.163867016403869,0.1951403533336649,0.10345375054319964,4.72607987499264,71.74900648540007,101.55994355913677,115.07953297329861,5.299170457071374,0.17586527597151902,-57.74107753320641,5.299170457071374,5.299170457071374,5.299170616277783,0.10175100007291668,0.10345375054319964,0.0,1.2,119.48215506641282,126.24194977349373,johnsonsu,5.299177696329836,5.391105791220805,5.198118903803059,5.315481364359437,5.113587435370506,5.268901984842482,0.10848961590492694,0.4258361922829032,,,,,,,,,,,,,,,,,,,,,,,,,,,,,,,,,,,,,,,,,,,,,,,,,,,,,,,,,,,,,,,,,,,,,,,,,,,,,,,,,,,,,,,,,,,,,,,,,,,,,,,,,,,,,,
010392,2010,x,1886,1684,315,USD/kg,247,None,,report_010392_2010_x.parquet,247,27,10.931174089068826,220,27,0,0.0,SI+HH,unimodal,0,False,220,220,False,0.9,fail to reject,0.99,fail to reject,0.44015730567308553,0.22926388357219357,11.867476639978454,0.44015730567308553,0.44015730567308553,0.4401573071594221,0.05256192831060433,0.05280193711567558,0.0,0.0,-19.73495327995691,-12.947698187252184,-1.2981853623749844,0.6253089864214663,0.2946938461215702,13.670393994273129,0.4390348218130004,0.4482651194003066,0.46714726865298906,0.05214639854134186,0.05280193711567558,-0.23296185936464237,0.12538124417240937,-21.340787988546257,-11.159905349489172,3.194346578269757,0.4513550396919911,0.1571194930450609,21.937455002187615,0.4513550396919911,0.4513550396919911,0.4513561131468328,0.06602551582929087,0.05280193711567558,0.0,inf,-37.87491000437523,-27.694027365318146,1.0754978443586514,0.44176954073860164,0.1825188588396518,23.32113257158838,0.44176954073860164,0.44176954073860164,0.44176808647357624,0.0529345287852197,0.05280193711567558,0.0,2.4330127302100246,-40.64226514317676,-30.461382504119673,0.1897042624243026,1.2475424395451313,0.4835963424007266,0.20760087357423793,23.357041274605358,0.4398999427264137,0.45190626170987525,0.46432801801470924,0.058068246112937476,0.05280193711567558,-0.709052069980622,9.451924486377132,-38.714082549210715,-25.139572363801268,0.44754542866756775,0.12110034333449163,19.8392715967779,0.44754542866756775,0.44754542866756775,0.4475464832090306,0.04824688062435858,0.05280193711567558,0.0,1.2,-35.6785431935558,-28.89128810085107,gennorm,0.4193902866108226,0.468364737455457,0.4193902866108226,0.468364737455457,0.41939031876487204,0.46836205087545985,0.04034753242042848,0.06817944071832857,1886,1684,315,USD/u,Number of items (u),0.8677,269,269,36,13.382899628252787,233,36,0,0.0,SI+HH,unimodal,0,False,233,233,False,0.76,fail to reject,0.922,fail to reject,5.168552887934225,0.2585541037214516,-15.445156425026974,5.168552887934225,5.168552887934225,5.168553800906654,0.06685022455120315,0.0671383720708204,0.0,0.0,34.890312850053945,41.79238975718535,-1.0876382057641754,5.355179163340847,0.3188693432913503,-14.436259017436726,5.167889113016911,5.175130069649253,5.189814218177239,0.06660009514071444,0.0671383720708204,-0.16405719232021826,0.07855608707208585,34.87251803487345,45.225633395570554,5.3823585876624644,5.169760388574737,0.20824862121910614,-10.062846291904266,5.169760388574737,5.169760388574737,5.169761313404238,0.06901082978117748,0.0671383720708204,0.0,4.340407802685885,26.125692583808533,36.47880794450563,1.358719789880293,5.162583889737523,0.2733799219077606,-10.357566866705936,5.162583889737523,5.162583889737523,5.162584831371875,0.06645460239347992,0.0671383720708204,0.0,1.140711143206465,26.71513373341187,37.06824909410897,-0.05427772322890641,1.6284013640479778,5.156138095037607,0.34877341694091407,-9.83628459180338,5.17017831965342,5.1677655309872375,5.1645815292304,0.06857439847267416,0.0671383720708204,0.09054860717990701,2.897816932763087,27.67256918360676,41.47672299786956,5.169240367714215,0.14034352200668065,-10.087744867787237,5.169240367714215,5.169240367714215,5.169241009021732,0.06479824343797413,0.0671383720708204,0.0,1.2,24.175489735574473,31.077566642705875,logistic,5.138677651964518,5.199072440386658,5.138677651964518,5.199072440386658,5.138677672507203,5.199072343254672,0.05157721058173879,0.08003457886641682,,,,,,,,,,,,,,,,,,,,,,,,,,,,,,,,,,,,,,,,,,,,,,,,,,,,,,,,,,,,,,,,,,,,,,,,,,,,,,,,,,,,,,,,,,,,,,,,,,,,,,,,,,,,,,
010410,2010,m,1224,1199,361,USD/kg,271,count 138 < 200,,report_010410_2010_m.parquet,271,0,0.0,271,0,0,0.0185,SI+HH,multimodal,2,False,271,271,False,0.028,reject,0.0,reject,,,,,,,,,,,,,,,,,,,,,,,,,,,,,,,,,,,,,,,,,,,,,,,,,,,,,,,,,,,,,,,,,,,,,,,,,,,,,,,,,,,,,,,,,,,,,,,,,,,,,,,,,,,,,,,,,,,,,,,,,,,,,,,,,,,,,,,,,,,,,,,,,,,,,,,,,,,,,,,,,,,,,,,,,,,,,,,,,,,,,,,,,,,,,,,,,,,,,,,,,,,,,,,,,,,,,,,,,,,,,,,,,,,,,,,,,,,,,,,,,,,,,271,2,2,1262.8858,1262.8858,None,None,True,0.2,10,0.001,2,271,0.001,10,1.0338,0.5956,1.3038,0.8576,1.2099,ZAF (18.63%),FRA (14.29%),GBR (7.45%),6.9414,0.4044,1.8868,6.6842,7.1986,ZAF (99.09%),PRT (0.91%),,,,,,,,,,,,,,,,,,,,,,,,,,,,,,,,,
010410,2010,x,1675,1509,428,USD/kg,385,None,,report_010410_2010_x.parquet,385,16,4.1558441558441555,369,16,0,0.0052,SI+HH,unimodal,0,False,369,369,False,0.238,fail to reject,0.154,fail to reject,0.6415747183531221,0.7716937866467505,-427.95552709559155,0.6415747183531221,0.6415747183531221,0.6415747212373163,0.5955113003492004,0.5971295375784103,0.0,0.0,859.9110541911831,867.7326474792642,2.0589312501364025,-0.15054472245039174,1.1058787808183075,-420.43330620879567,0.643156465801116,0.5765182655600893,0.43337584041381116,0.5930063016323309,0.5971295375784103,0.4699434045704224,0.3195804630363997,846.8666124175913,858.5990023497129,14.886817993654384,0.6201271805475952,0.7182389568683971,-426.65060868196167,0.6201271805475952,0.6201271805475952,0.6201269139458176,0.5959284213235085,0.5971295375784103,0.0,0.551125223503987,859.3012173639233,871.0336072960449,1.762053748183507,0.6280860333919269,1.0135542643453264,-427.2696542008582,0.6280860333919269,0.6280860333919269,0.6280846001331865,0.5953557789099759,0.5971295375784103,0.0,0.285112124304288,860.5393084017164,872.271698333838,-1.6465442825341026,2.6890155256802264,-0.48786199737902736,1.619933356342881,-419.56251670209906,0.6427556124433894,0.5672167876251956,0.43703046241062277,0.6076665187769683,0.5971295375784103,0.6882297580131188,1.3385891217678205,847.1250334041981,862.7682199803602,0.6028532967033335,0.43474820055953034,-427.7015487171383,0.6028532967033335,0.6028532967033335,0.6028529909854143,0.6218048095349863,0.5971295375784103,0.0,1.2,859.4030974342766,867.2246907223576,skewnorm,0.5704871175636893,0.7156725816292013,0.4824308938921874,0.6591568210353305,0.15075752705939122,0.5947517303136255,0.5129613494785263,0.6976419839791799,1675,1509,428,USD/u,Number of items (u),0.5059,214,214,17,7.943925233644859,197,17,0,0.0,SI+HH,unimodal,0,False,197,197,False,0.82,fail to reject,0.91,fail to reject,4.364890906721599,0.42666614976979944,-111.73546686509351,4.364890906721599,4.364890906721599,4.3648912372391315,0.18204400335938492,0.18297279929489202,0.0,0.0,227.47093373018703,234.037341187663,-0.8778021453068322,4.629077596639571,0.5018348912179705,-111.59860937923631,4.364930952489222,4.372276409894149,4.387078180810027,0.18206480842786116,0.18297279929489202,-0.10182624060556812,0.0415909738912586,229.19721875847262,239.04682994468658,3292.4394645973925,4.364901665732873,0.42653759509483624,-111.7356541058546,4.364901665732873,4.364901665732873,4.364901998136806,0.18204490362882494,0.18297279929489202,0.0,0.001824573650996062,229.4713082117092,239.32091939792315,1.7014389858999528,4.370782526492077,0.5478594299835197,-111.32118554098832,4.370782526492077,4.370782526492077,4.370782814727164,0.18232955515057972,0.18297279929489202,0.0,0.3765338683067876,228.64237108197665,238.4919822681906,4.819492807972808,12.706790140638741,6.327628449298866,5.037194714856616,-111.62106135225756,4.364890448578743,4.370959046381576,4.3830085154617935,0.18205725867223774,0.18297279929489202,-0.08598871642082048,0.03487494788448764,231.2421227045151,244.37493761946706,4.37244083942326,0.24113064849215976,-112.66642773229387,4.37244083942326,4.37244083942326,4.372440971189964,0.19128605869001328,0.18297279929489202,0.0,1.2,229.33285546458774,235.8992629220637,norm,4.308130818961207,4.42568451249941,4.308130818961207,4.42568451249941,4.308130818961207,4.42568451249941,0.1469015075847796,0.21948592280541884,,,,,,,,,,,,,,,,,,,,,,,,,,,,,,,,,,,,,,,,,,,,,,,,,,,,,,,,,,,,,,,,,,,,,,,,,,,,,,,,,,,,,,,,,,,,,,,,,,,,,,,,,,,,,,
010420,2010,m,398,380,141,USD/kg,92,count 67 < 200,Too few kg-based and non-kg-based records,report_010420_2010_m.parquet,,,,,,,,,,,,,,,,,,,,,,,,,,,,,,,,,,,,,,,,,,,,,,,,,,,,,,,,,,,,,,,,,,,,,,,,,,,,,,,,,,,,,,,,,,,,,,,,,,,,,,,,,,,,,,,,,,,,,,,,,,,,,,,,,,,,,,,,,,,,,,,,,,,,,,,,,,,,,,,,,,,,,,,,,,,,,,,,,,,,,,,,,,,,,,,,,,,,,,,,,,,,,,,,,,,,,,,,,,,,,,,,,,,,,,,,,,,,,,,,,,,,,,,,,,,,,,,,,,,,,,,,,,,,,,,,,,,,,,,,,,,,,,,,,,,,,,,,,,,,,,,,,,,,,,,,,,,,,,,,,,,,,
010420,2010,x,523,467,205,USD/kg,150,count 64 < 200,Too few kg-based and non-kg-based records,report_010420_2010_x.parquet,,,,,,,,,,,,,,,,,,,,,,,,,,,,,,,,,,,,,,,,,,,,,,,,,,,,,,,,,,,,,,,,,,,,,,,,,,,,,,,,,,,,,,,,,,,,,,,,,,,,,,,,,,,,,,,,,,,,,,,,,,,,,,,,,,,,,,,,,,,,,,,,,,,,,,,,,,,,,,,,,,,,,,,,,,,,,,,,,,,,,,,,,,,,,,,,,,,,,,,,,,,,,,,,,,,,,,,,,,,,,,,,,,,,,,,,,,,,,,,,,,,,,,,,,,,,,,,,,,,,,,,,,,,,,,,,,,,,,,,,,,,,,,,,,,,,,,,,,,,,,,,,,,,,,,,,,,,,,,,,,,,,,
010511,2010,m,3786,3646,916,USD/kg,677,None,,report_010511_2010_m.parquet,677,19,2.806499261447563,658,19,0,0.0487,SI+HH,unimodal,1,False,658,658,True,0.234,fail to reject,0.004,reject,2.9761589398096877,2.1680251591289204,-1442.832935733182,2.9761589398096877,2.9761589398096877,2.9761575772320708,4.70033309061598,4.707487326674758,0.0,0.0,2889.665871466364,2898.6442813290146,1.4384005135534932,1.108560885548205,2.8615290588540505,-1436.7758337062435,2.983209553583576,2.877122217631533,2.658565354559546,4.674040926099356,4.707487326674758,0.279823591745212,0.16009038370906395,2879.551667412487,2893.019282206463,5.5459005226891165,2.8911230291935093,1.7753837747401566,-1434.6665127470114,2.8911230291935093,2.8911230291935093,2.8911233681020194,4.929808175934508,4.707487326674758,0.0,3.881232920190047,2875.333025494023,2888.8006402879987,1.0477892845564982,2.879767459315262,1.6988093053888167,-1420.5259842746443,2.879767459315262,2.879767459315262,2.8797691495333253,4.9650663374024475,4.707487326674758,0.0,2.624998979277515,2847.0519685492886,2860.5195833432645,-0.3265571137279898,1.6396826789563463,2.2724196982946188,2.9199330472051486,-1430.0027848163463,2.9774480406460904,2.8578017970577125,2.69859677130272,4.93078349587022,4.707487326674758,0.5243748330971345,3.2175246830426385,2868.0055696326926,2885.9623893579937,2.9033612946948235,1.186163375052352,-1433.2307621103414,2.9033612946948235,2.9033612946948235,2.90336151746226,4.6287903533980845,4.707487326674758,0.0,1.2,2870.461524220683,2879.4399340833334,gennorm,2.7547302823760917,2.935944010274357,2.7547302823760917,2.935944010274357,2.7547302891999226,2.9359455742007396,4.326049405210741,5.657415709876809,3786,3646,916,USD/u,Number of items (u),0.5533,436,436,7,1.6055045871559634,429,7,0,0.0,SI+HH,multimodal,2,False,429,429,False,0.018,reject,0.0,reject,,,,,,,,,,,,,,,,,,,,,,,,,,,,,,,,,,,,,,,,,,,,,,,,,,,,,,,,,,,,,,,,,,,,,,,,,,,,,,,,,,,,,,,429,4,5,1377.3762,1372.9827,4,None,True,0.2,10,0.001,4,429,0.001,10,1.721,0.4472,0.7593,1.5977,1.8443,NLD (15.96%),GBR (12.23%),ZAF (11.7%),-0.2688,0.236,0.0314,-0.3033,-0.2343,PRT (22.22%),MYS (12.96%),NLD (12.96%),-0.8912,0.2283,0.015,-0.9154,-0.867,CZE (31.73%),PRT (16.35%),NLD (13.46%),-1.7354,0.0885,0.9598,-2.047,-1.4238,FRA (75.86%),PRT (13.79%),DEU (6.9%),658,6,6,2815.4961,2815.4961,None,None,True,0.2,10,0.001,6,658,0.001,10,2.8768,0.2851,0.1047,2.8305,2.9231,PRT (9.76%),BEL (8.29%),BRB (8.29%),4.6127,0.2587,0.5917,4.4971,4.7283,USA (20.86%),FRA (16.56%),GBR (14.72%),1.79,0.2494,0.3202,1.7034,1.8766,CZE (20.0%),ZAF (16.77%),FRA (16.13%),0.0319,0.0985,0.0623,-0.0289,0.0926,BRA (43.08%),FRA (20.0%),ZAF (12.31%),7.6757,0.0751,0.9443,7.4048,7.9466,ZAF (91.67%),FRA (8.33%),-1.9168,0.0332,0.2336,-2.1196,-1.714,GBR (36.36%),BEL (18.18%),NLD (18.18%),
010511,2010,x,8723,6082,918,USD/kg,760,None,,report_010511_2010_x.parquet,760,56,7.368421052631578,704,56,0,0.0,SI+HH,multimodal,2,False,704,704,False,0.046,reject,0.0,reject,,,,,,,,,,,,,,,,,,,,,,,,,,,,,,,,,,,,,,,,,,,,,,,,,,,,,,,,,,,,,,,,,,,,,,,,,,,,,,,,,,,,,,,8723,6082,918,USD/u,Number of items (u),0.8148,695,695,14,2.014388489208633,681,14,0,0.0,SI+HH,multimodal,2,False,681,681,False,0.002,reject,0.0,reject,,,,,,,,,,,,,,,,,,,,,,,,,,,,,,,,,,,,,,,,,,,,,,,,,,,,,,,,,,,,,,,,,,,,,,,,,,,,,,,,,,,,,,,681,3,8,1674.9971,1643.6718,3,None,True,0.2,10,0.001,3,681,0.001,10,1.2808,0.4855,0.8185,1.1833,1.3783,BOL (8.28%),ECU (8.28%),MAR (7.01%),-0.3211,0.3098,0.016,-0.3382,-0.3041,PRY (13.06%),PRT (12.61%),CMR (6.31%),-0.8563,0.2047,0.0171,-0.878,-0.8346,PRY (15.86%),NLD (11.03%),CZE (10.34%),,,,,,,,,704,4,5,2378.1587,2373.4722,4,None,True,0.2,10,0.001,4,704,0.001,10,2.6706,0.571,0.2202,2.6248,2.7165,PRY (14.39%),PRT (8.54%),POL (6.1%),4.2878,0.2243,0.0873,4.2417,4.3339,BOL (16.25%),MAR (13.75%),ECU (11.25%),0.4867,0.1296,0.715,0.3132,0.6603,TZA (33.33%),POL (15.48%),CZE (11.9%),5.6105,0.0752,0.289,5.4657,5.7553,VEN (20.0%),CHL (18.0%),COL (18.0%),,,,,,,,,,,,,,,,
010512,2010,m,748,683,87,USD/kg,45,count 32 < 200,Too few kg-based and non-kg-based records,report_010512_2010_m.parquet,,,,,,,,,,,,,,,,,,,,,,,,,,,,,,,,,,,,,,,,,,,,,,,,,,,,,,,,,,,,,,,,,,,,,,,,,,,,,,,,,,,,,,,,,,,,,,,,,,,,,,,,,,,,,,,,,,,,,,,,,,,,,,,,,,,,,,,,,,,,,,,,,,,,,,,,,,,,,,,,,,,,,,,,,,,,,,,,,,,,,,,,,,,,,,,,,,,,,,,,,,,,,,,,,,,,,,,,,,,,,,,,,,,,,,,,,,,,,,,,,,,,,,,,,,,,,,,,,,,,,,,,,,,,,,,,,,,,,,,,,,,,,,,,,,,,,,,,,,,,,,,,,,,,,,,,,,,,,,,,,,,,,
010512,2010,x,1085,848,97,USD/kg,81,count 74 < 200,Too few kg-based and non-kg-based records,report_010512_2010_x.parquet,,,,,,,,,,,,,,,,,,,,,,,,,,,,,,,,,,,,,,,,,,,,,,,,,,,,,,,,,,,,,,,,,,,,,,,,,,,,,,,,,,,,,,,,,,,,,,,,,,,,,,,,,,,,,,,,,,,,,,,,,,,,,,,,,,,,,,,,,,,,,,,,,,,,,,,,,,,,,,,,,,,,,,,,,,,,,,,,,,,,,,,,,,,,,,,,,,,,,,,,,,,,,,,,,,,,,,,,,,,,,,,,,,,,,,,,,,,,,,,,,,,,,,,,,,,,,,,,,,,,,,,,,,,,,,,,,,,,,,,,,,,,,,,,,,,,,,,,,,,,,,,,,,,,,,,,,,,,,,,,,,,,,
010513,2010,m,1,1,1,USD/kg,1,No non-kg alternative units found,Too few kg-based and non-kg-based records,report_010513_2010_m.parquet,,,,,,,,,,,,,,,,,,,,,,,,,,,,,,,,,,,,,,,,,,,,,,,,,,,,,,,,,,,,,,,,,,,,,,,,,,,,,,,,,,,,,,,,,,,,,,,,,,,,,,,,,,,,,,,,,,,,,,,,,,,,,,,,,,,,,,,,,,,,,,,,,,,,,,,,,,,,,,,,,,,,,,,,,,,,,,,,,,,,,,,,,,,,,,,,,,,,,,,,,,,,,,,,,,,,,,,,,,,,,,,,,,,,,,,,,,,,,,,,,,,,,,,,,,,,,,,,,,,,,,,,,,,,,,,,,,,,,,,,,,,,,,,,,,,,,,,,,,,,,,,,,,,,,,,,,,,,,,,,,,,,,
010513,2010,x,0,0,0,USD/kg,0,No non-kg alternative units found,Too few kg-based and non-kg-based records,report_010513_2010_x.parquet,,,,,,,,,,,,,,,,,,,,,,,,,,,,,,,,,,,,,,,,,,,,,,,,,,,,,,,,,,,,,,,,,,,,,,,,,,,,,,,,,,,,,,,,,,,,,,,,,,,,,,,,,,,,,,,,,,,,,,,,,,,,,,,,,,,,,,,,,,,,,,,,,,,,,,,,,,,,,,,,,,,,,,,,,,,,,,,,,,,,,,,,,,,,,,,,,,,,,,,,,,,,,,,,,,,,,,,,,,,,,,,,,,,,,,,,,,,,,,,,,,,,,,,,,,,,,,,,,,,,,,,,,,,,,,,,,,,,,,,,,,,,,,,,,,,,,,,,,,,,,,,,,,,,,,,,,,,,,,,,,,,,,
010514,2010,m,60,60,60,USD/kg,0,No non-kg alternative units found,Too few kg-based and non-kg-based records,report_010514_2010_m.parquet,,,,,,,,,,,,,,,,,,,,,,,,,,,,,,,,,,,,,,,,,,,,,,,,,,,,,,,,,,,,,,,,,,,,,,,,,,,,,,,,,,,,,,,,,,,,,,,,,,,,,,,,,,,,,,,,,,,,,,,,,,,,,,,,,,,,,,,,,,,,,,,,,,,,,,,,,,,,,,,,,,,,,,,,,,,,,,,,,,,,,,,,,,,,,,,,,,,,,,,,,,,,,,,,,,,,,,,,,,,,,,,,,,,,,,,,,,,,,,,,,,,,,,,,,,,,,,,,,,,,,,,,,,,,,,,,,,,,,,,,,,,,,,,,,,,,,,,,,,,,,,,,,,,,,,,,,,,,,,,,,,,,,
010514,2010,x,0,0,0,USD/kg,0,No non-kg alternative units found,Too few kg-based and non-kg-based records,report_010514_2010_x.parquet,,,,,,,,,,,,,,,,,,,,,,,,,,,,,,,,,,,,,,,,,,,,,,,,,,,,,,,,,,,,,,,,,,,,,,,,,,,,,,,,,,,,,,,,,,,,,,,,,,,,,,,,,,,,,,,,,,,,,,,,,,,,,,,,,,,,,,,,,,,,,,,,,,,,,,,,,,,,,,,,,,,,,,,,,,,,,,,,,,,,,,,,,,,,,,,,,,,,,,,,,,,,,,,,,,,,,,,,,,,,,,,,,,,,,,,,,,,,,,,,,,,,,,,,,,,,,,,,,,,,,,,,,,,,,,,,,,,,,,,,,,,,,,,,,,,,,,,,,,,,,,,,,,,,,,,,,,,,,,,,,,,,,
010515,2010,m,24,24,24,USD/kg,4,No non-kg alternative units found,Too few kg-based and non-kg-based records,report_010515_2010_m.parquet,,,,,,,,,,,,,,,,,,,,,,,,,,,,,,,,,,,,,,,,,,,,,,,,,,,,,,,,,,,,,,,,,,,,,,,,,,,,,,,,,,,,,,,,,,,,,,,,,,,,,,,,,,,,,,,,,,,,,,,,,,,,,,,,,,,,,,,,,,,,,,,,,,,,,,,,,,,,,,,,,,,,,,,,,,,,,,,,,,,,,,,,,,,,,,,,,,,,,,,,,,,,,,,,,,,,,,,,,,,,,,,,,,,,,,,,,,,,,,,,,,,,,,,,,,,,,,,,,,,,,,,,,,,,,,,,,,,,,,,,,,,,,,,,,,,,,,,,,,,,,,,,,,,,,,,,,,,,,,,,,,,,,
010515,2010,x,1,1,1,USD/kg,1,No non-kg alternative units found,Too few kg-based and non-kg-based records,report_010515_2010_x.parquet,,,,,,,,,,,,,,,,,,,,,,,,,,,,,,,,,,,,,,,,,,,,,,,,,,,,,,,,,,,,,,,,,,,,,,,,,,,,,,,,,,,,,,,,,,,,,,,,,,,,,,,,,,,,,,,,,,,,,,,,,,,,,,,,,,,,,,,,,,,,,,,,,,,,,,,,,,,,,,,,,,,,,,,,,,,,,,,,,,,,,,,,,,,,,,,,,,,,,,,,,,,,,,,,,,,,,,,,,,,,,,,,,,,,,,,,,,,,,,,,,,,,,,,,,,,,,,,,,,,,,,,,,,,,,,,,,,,,,,,,,,,,,,,,,,,,,,,,,,,,,,,,,,,,,,,,,,,,,,,,,,,,,
010594,2010,m,807,768,143,USD/kg,73,count 108 < 200,Too few kg-based and non-kg-based records,report_010594_2010_m.parquet,,,,,,,,,,,,,,,,,,,,,,,,,,,,,,,,,,,,,,,,,,,,,,,,,,,,,,,,,,,,,,,,,,,,,,,,,,,,,,,,,,,,,,,,,,,,,,,,,,,,,,,,,,,,,,,,,,,,,,,,,,,,,,,,,,,,,,,,,,,,,,,,,,,,,,,,,,,,,,,,,,,,,,,,,,,,,,,,,,,,,,,,,,,,,,,,,,,,,,,,,,,,,,,,,,,,,,,,,,,,,,,,,,,,,,,,,,,,,,,,,,,,,,,,,,,,,,,,,,,,,,,,,,,,,,,,,,,,,,,,,,,,,,,,,,,,,,,,,,,,,,,,,,,,,,,,,,,,,,,,,,,,,
010594,2010,x,1003,920,169,USD/kg,135,count 102 < 200,Too few kg-based and non-kg-based records,report_010594_2010_x.parquet,,,,,,,,,,,,,,,,,,,,,,,,,,,,,,,,,,,,,,,,,,,,,,,,,,,,,,,,,,,,,,,,,,,,,,,,,,,,,,,,,,,,,,,,,,,,,,,,,,,,,,,,,,,,,,,,,,,,,,,,,,,,,,,,,,,,,,,,,,,,,,,,,,,,,,,,,,,,,,,,,,,,,,,,,,,,,,,,,,,,,,,,,,,,,,,,,,,,,,,,,,,,,,,,,,,,,,,,,,,,,,,,,,,,,,,,,,,,,,,,,,,,,,,,,,,,,,,,,,,,,,,,,,,,,,,,,,,,,,,,,,,,,,,,,,,,,,,,,,,,,,,,,,,,,,,,,,,,,,,,,,,,,
010599,2010,m,652,625,241,USD/kg,163,count 95 < 200,Too few kg-based and non-kg-based records,report_010599_2010_m.parquet,,,,,,,,,,,,,,,,,,,,,,,,,,,,,,,,,,,,,,,,,,,,,,,,,,,,,,,,,,,,,,,,,,,,,,,,,,,,,,,,,,,,,,,,,,,,,,,,,,,,,,,,,,,,,,,,,,,,,,,,,,,,,,,,,,,,,,,,,,,,,,,,,,,,,,,,,,,,,,,,,,,,,,,,,,,,,,,,,,,,,,,,,,,,,,,,,,,,,,,,,,,,,,,,,,,,,,,,,,,,,,,,,,,,,,,,,,,,,,,,,,,,,,,,,,,,,,,,,,,,,,,,,,,,,,,,,,,,,,,,,,,,,,,,,,,,,,,,,,,,,,,,,,,,,,,,,,,,,,,,,,,,,
010599,2010,x,677,592,104,USD/kg,86,count 50 < 200,Too few kg-based and non-kg-based records,report_010599_2010_x.parquet,,,,,,,,,,,,,,,,,,,,,,,,,,,,,,,,,,,,,,,,,,,,,,,,,,,,,,,,,,,,,,,,,,,,,,,,,,,,,,,,,,,,,,,,,,,,,,,,,,,,,,,,,,,,,,,,,,,,,,,,,,,,,,,,,,,,,,,,,,,,,,,,,,,,,,,,,,,,,,,,,,,,,,,,,,,,,,,,,,,,,,,,,,,,,,,,,,,,,,,,,,,,,,,,,,,,,,,,,,,,,,,,,,,,,,,,,,,,,,,,,,,,,,,,,,,,,,,,,,,,,,,,,,,,,,,,,,,,,,,,,,,,,,,,,,,,,,,,,,,,,,,,,,,,,,,,,,,,,,,,,,,,,
010611,2010,m,568,512,67,USD/kg,52,count 39 < 200,Too few kg-based and non-kg-based records,report_010611_2010_m.parquet,,,,,,,,,,,,,,,,,,,,,,,,,,,,,,,,,,,,,,,,,,,,,,,,,,,,,,,,,,,,,,,,,,,,,,,,,,,,,,,,,,,,,,,,,,,,,,,,,,,,,,,,,,,,,,,,,,,,,,,,,,,,,,,,,,,,,,,,,,,,,,,,,,,,,,,,,,,,,,,,,,,,,,,,,,,,,,,,,,,,,,,,,,,,,,,,,,,,,,,,,,,,,,,,,,,,,,,,,,,,,,,,,,,,,,,,,,,,,,,,,,,,,,,,,,,,,,,,,,,,,,,,,,,,,,,,,,,,,,,,,,,,,,,,,,,,,,,,,,,,,,,,,,,,,,,,,,,,,,,,,,,,,
010611,2010,x,477,434,66,USD/kg,56,count 22 < 200,Too few kg-based and non-kg-based records,report_010611_2010_x.parquet,,,,,,,,,,,,,,,,,,,,,,,,,,,,,,,,,,,,,,,,,,,,,,,,,,,,,,,,,,,,,,,,,,,,,,,,,,,,,,,,,,,,,,,,,,,,,,,,,,,,,,,,,,,,,,,,,,,,,,,,,,,,,,,,,,,,,,,,,,,,,,,,,,,,,,,,,,,,,,,,,,,,,,,,,,,,,,,,,,,,,,,,,,,,,,,,,,,,,,,,,,,,,,,,,,,,,,,,,,,,,,,,,,,,,,,,,,,,,,,,,,,,,,,,,,,,,,,,,,,,,,,,,,,,,,,,,,,,,,,,,,,,,,,,,,,,,,,,,,,,,,,,,,,,,,,,,,,,,,,,,,,,,
010612,2010,m,32,31,0,USD/kg,0,No non-kg alternative units found,Too few kg-based and non-kg-based records,report_010612_2010_m.parquet,,,,,,,,,,,,,,,,,,,,,,,,,,,,,,,,,,,,,,,,,,,,,,,,,,,,,,,,,,,,,,,,,,,,,,,,,,,,,,,,,,,,,,,,,,,,,,,,,,,,,,,,,,,,,,,,,,,,,,,,,,,,,,,,,,,,,,,,,,,,,,,,,,,,,,,,,,,,,,,,,,,,,,,,,,,,,,,,,,,,,,,,,,,,,,,,,,,,,,,,,,,,,,,,,,,,,,,,,,,,,,,,,,,,,,,,,,,,,,,,,,,,,,,,,,,,,,,,,,,,,,,,,,,,,,,,,,,,,,,,,,,,,,,,,,,,,,,,,,,,,,,,,,,,,,,,,,,,,,,,,,,,,
010612,2010,x,25,24,5,USD/kg,3,count 2 < 200,Too few kg-based and non-kg-based records,report_010612_2010_x.parquet,,,,,,,,,,,,,,,,,,,,,,,,,,,,,,,,,,,,,,,,,,,,,,,,,,,,,,,,,,,,,,,,,,,,,,,,,,,,,,,,,,,,,,,,,,,,,,,,,,,,,,,,,,,,,,,,,,,,,,,,,,,,,,,,,,,,,,,,,,,,,,,,,,,,,,,,,,,,,,,,,,,,,,,,,,,,,,,,,,,,,,,,,,,,,,,,,,,,,,,,,,,,,,,,,,,,,,,,,,,,,,,,,,,,,,,,,,,,,,,,,,,,,,,,,,,,,,,,,,,,,,,,,,,,,,,,,,,,,,,,,,,,,,,,,,,,,,,,,,,,,,,,,,,,,,,,,,,,,,,,,,,,,
010614,2010,m,11,11,0,USD/kg,0,No non-kg alternative units found,Too few kg-based and non-kg-based records,report_010614_2010_m.parquet,,,,,,,,,,,,,,,,,,,,,,,,,,,,,,,,,,,,,,,,,,,,,,,,,,,,,,,,,,,,,,,,,,,,,,,,,,,,,,,,,,,,,,,,,,,,,,,,,,,,,,,,,,,,,,,,,,,,,,,,,,,,,,,,,,,,,,,,,,,,,,,,,,,,,,,,,,,,,,,,,,,,,,,,,,,,,,,,,,,,,,,,,,,,,,,,,,,,,,,,,,,,,,,,,,,,,,,,,,,,,,,,,,,,,,,,,,,,,,,,,,,,,,,,,,,,,,,,,,,,,,,,,,,,,,,,,,,,,,,,,,,,,,,,,,,,,,,,,,,,,,,,,,,,,,,,,,,,,,,,,,,,,
010614,2010,x,0,0,0,USD/kg,0,No non-kg alternative units found,Too few kg-based and non-kg-based records,report_010614_2010_x.parquet,,,,,,,,,,,,,,,,,,,,,,,,,,,,,,,,,,,,,,,,,,,,,,,,,,,,,,,,,,,,,,,,,,,,,,,,,,,,,,,,,,,,,,,,,,,,,,,,,,,,,,,,,,,,,,,,,,,,,,,,,,,,,,,,,,,,,,,,,,,,,,,,,,,,,,,,,,,,,,,,,,,,,,,,,,,,,,,,,,,,,,,,,,,,,,,,,,,,,,,,,,,,,,,,,,,,,,,,,,,,,,,,,,,,,,,,,,,,,,,,,,,,,,,,,,,,,,,,,,,,,,,,,,,,,,,,,,,,,,,,,,,,,,,,,,,,,,,,,,,,,,,,,,,,,,,,,,,,,,,,,,,,,
010619,2010,m,6234,5414,680,USD/kg,569,count 117 < 200,,report_010619_2010_m.parquet,569,9,1.5817223198594026,560,9,0,0.0228,SI+HH,unimodal,0,False,560,560,False,0.076,fail to reject,0.27,fail to reject,3.9629414006118395,2.0390958855322974,-1193.6092276948389,3.9629414006118395,3.9629414006118395,3.962941086204576,4.157912030394744,4.165350155672731,0.0,0.0,2391.2184553896777,2399.874328957136,-1.895333866577643,5.9805706797962355,2.868565000129072,-1184.3129625480183,3.9562663470413257,4.112997104830861,4.445486650383278,4.1308571283552045,4.165350155672731,-0.42406319612354676,0.27867216149944135,2374.6259250960366,2387.609735447224,20.782432234668207,4.001314428271138,1.9412516642591018,-1193.3312738024968,4.001314428271138,4.001314428271138,4.001314127408531,4.169732787225518,4.165350155672731,0.0,0.3575167124825648,2392.6625476049935,2405.646357956181,1.0646075296962165,4.318501272611297,1.6582530421456267,-1183.708570325075,4.318501272611297,4.318501272611297,4.318501320466912,4.505182520391101,4.165350155672731,0.0,2.506455575818965,2373.41714065015,2386.4009510013375,0.6173446980055384,1.313677101620659,5.165742655015979,1.8999592366116107,-1178.5250515450457,3.9284278535703674,4.239654611581667,4.585695837989836,5.148339168534286,4.165350155672731,-1.7492484491248088,11.579681696293893,2365.0501030900914,2382.3618502250083,4.097069450340762,1.135733371907396,-1192.4729885430975,4.097069450340762,4.097069450340762,4.0970694678122594,4.243568967826237,4.165350155672731,0.0,1.2,2388.945977086195,2397.6018506536534,johnsonsu,3.759997172685114,4.098207478038551,4.020364536734092,4.394905224626682,4.3301334933745,4.741211142484502,4.282785428769666,6.559847702619142,,,,,,,,,,,,,,,,,,,,,,,,,,,,,,,,,,,,,,,,,,,,,,,,,,,,,,,,,,,,,,,,,,,,,,,,,,,,,,,,,,,,,,,,,,,,,,,,,,,,,,,,,,,,,,,,,,,,,,,,,,,,,,,,,,,,,,,,,,,,,,,,,,,,,,,,,,,,,,,,,,,,,,,,,,,,,,,,,,,,,,,,,,,,,,,,,,,,,,,,,,,,,,,,,,,,,,,,,,,,,
010619,2010,x,6707,5235,708,USD/kg,592,count 153 < 200,,report_010619_2010_x.parquet,592,0,0.0,592,0,0,0.0,SI+HH,unimodal,1,False,592,592,True,0.054,fail to reject,0.01,reject,2.60543436580392,2.261253298111727,-1323.0357876837165,2.60543436580392,2.60543436580392,2.6054343643231515,5.113266478221162,5.1219183673552084,0.0,0.0,2650.071575367433,2658.838588637201,-5.743108992513532,5.611928842256681,3.761937603986296,-1289.0977025578477,2.6548294132040033,3.0745484044787874,4.325824603483738,5.407737502982481,5.1219183673552084,-0.8825469305191643,0.7404627601800832,2584.1954051156954,2597.3459250203473,334.9681191877902,2.6091765847392754,2.2544807843778365,-1323.0287445171127,2.6091765847392754,2.6091765847392754,2.609176583040479,5.113213158243451,5.1219183673552084,0.0,0.01812863430690622,2652.0574890342255,2665.2080089388774,2.4382652456278326,2.5234775247659282,3.475551929443098,-1319.473804596575,2.5234775247659282,2.5234775247659282,2.5234768120469924,5.0876912898265925,5.1219183673552084,0.0,-0.33424433143139964,2644.94760919315,2658.098129097802,10.495445918161117,3.3437603140242214,10.168125614876647,0.6281367354303469,-1299.2765375055335,2.603288185107388,2.9341333068655286,3.552826794519233,5.392849844796481,5.1219183673552084,-0.9429577491086194,1.624716487356352,2606.553075011067,2624.087101550603,2.718213310838396,1.3214887114482725,-1333.9497890938203,2.718213310838396,2.718213310838396,2.7182131695323006,5.745203361256096,5.1219183673552084,0.0,1.2,2671.8995781876406,2680.6665914574087,skewnorm,2.4961132133514616,2.826031355539457,2.9231601575252064,3.2237551636620467,3.994341866607261,4.654049782751957,4.771466096554385,5.985852259962501,,,,,,,,,,,,,,,,,,,,,,,,,,,,,,,,,,,,,,,,,,,,,,,,,,,,,,,,,,,,,,,,,,,,,,,,,,,,,,,,,,,,,,,,,,,,,,,,,,,,,,,,,,,,,,,,,,,,,,,,,,,,,,,,,,,,,,,,,,,,,,,,,,,,,,,,,,,,,,,592,6,6,2518.4022,2518.4022,None,None,True,0.2,10,0.001,6,592,0.001,10,3.2481,0.2699,0.6858,3.1197,3.3765,USA (20.75%),FRA (8.81%),CAN (8.18%),1.2703,0.2055,0.5094,1.1435,1.3971,PRT (16.1%),CZE (9.32%),ARE (8.47%),5.2365,0.1961,0.4368,5.1163,5.3567,FRA (13.33%),USA (5.71%),ARE (4.76%),0.282,0.1292,0.2169,0.1776,0.3864,EGY (16.85%),SDN (13.48%),ARE (6.74%),4.6254,0.1146,0.0042,4.61,4.6408,BEL (15.85%),NLD (14.63%),-1.4858,0.0847,3.4538,-2.0002,-0.9713,BWA (17.95%),NAM (12.82%),AGO (7.69%),DEU (13.41%)
010620,2010,m,3136,2394,217,USD/kg,202,count 174 < 200,,report_010620_2010_m.parquet,202,18,8.91089108910891,184,18,0,0.005,SI+HH,unimodal,0,False,184,184,False,0.338,fail to reject,0.444,fail to reject,4.506210896106351,1.3821242732977759,-320.63107262297615,4.506210896106351,4.506210896106351,4.506210885596986,1.910267506838905,1.9207061270948556,0.0,0.0,645.2621452459523,651.6920167611703,-2.781623390615344,6.041510466644887,2.065766047452599,-311.5199864297899,4.490453658862682,4.656354980540582,5.036168518465154,1.8616121418404126,1.9207061270948556,-0.6305401394964462,0.4729368210528711,629.0399728595798,638.6847801324068,6.689518281772585,4.609689935969614,1.16653938576188,-317.28559081522155,4.609689935969614,4.609689935969614,4.609691329357877,1.9411782854538573,1.9207061270948556,0.0,2.2308827720797533,640.5711816304431,650.21598890327,1.4209084268624426,4.6226475344543125,1.531590731687297,-317.99257552342203,4.6226475344543125,4.6226475344543125,4.622648257706281,1.9103859842994613,1.9207061270948556,0.0,0.9597875537249041,641.9851510468441,651.629958319671,1.5458635871123625,2.139503539818614,6.309795228805143,2.0561290258559985,-310.545432678846,4.504709877249151,4.691493375502483,4.989747641861689,1.9538005109709051,1.9207061270948556,-1.045724410351208,2.7810774233110793,629.090865357692,641.950608388128,4.611099413509671,0.7586023036110382,-317.40003891509065,4.611099413509671,4.611099413509671,4.611099673950193,1.8932449410099021,1.9207061270948556,0.0,1.2,638.8000778301813,645.2299493453993,skewnorm,4.270780284501113,4.693907735269238,4.456514880956809,4.8627468954597175,4.7431068778504635,5.442125876010642,1.4369632729744253,2.447018311230368,,,,,,,,,,,,,,,,,,,,,,,,,,,,,,,,,,,,,,,,,,,,,,,,,,,,,,,,,,,,,,,,,,,,,,,,,,,,,,,,,,,,,,,,,,,,,,,,,,,,,,,,,,,,,,,,,,,,,,,,,,,,,,,,,,,,,,,,,,,,,,,,,,,,,,,,,,,,,,,,,,,,,,,,,,,,,,,,,,,,,,,,,,,,,,,,,,,,,,,,,,,,,,,,,,,,,,,,,,,,,
010620,2010,x,1960,1827,193,USD/kg,141,count 62 < 200,Too few kg-based and non-kg-based records,report_010620_2010_x.parquet,,,,,,,,,,,,,,,,,,,,,,,,,,,,,,,,,,,,,,,,,,,,,,,,,,,,,,,,,,,,,,,,,,,,,,,,,,,,,,,,,,,,,,,,,,,,,,,,,,,,,,,,,,,,,,,,,,,,,,,,,,,,,,,,,,,,,,,,,,,,,,,,,,,,,,,,,,,,,,,,,,,,,,,,,,,,,,,,,,,,,,,,,,,,,,,,,,,,,,,,,,,,,,,,,,,,,,,,,,,,,,,,,,,,,,,,,,,,,,,,,,,,,,,,,,,,,,,,,,,,,,,,,,,,,,,,,,,,,,,,,,,,,,,,,,,,,,,,,,,,,,,,,,,,,,,,,,,,,,,,,,,,,
010631,2010,m,246,206,13,USD/kg,11,count 8 < 200,Too few kg-based and non-kg-based records,report_010631_2010_m.parquet,,,,,,,,,,,,,,,,,,,,,,,,,,,,,,,,,,,,,,,,,,,,,,,,,,,,,,,,,,,,,,,,,,,,,,,,,,,,,,,,,,,,,,,,,,,,,,,,,,,,,,,,,,,,,,,,,,,,,,,,,,,,,,,,,,,,,,,,,,,,,,,,,,,,,,,,,,,,,,,,,,,,,,,,,,,,,,,,,,,,,,,,,,,,,,,,,,,,,,,,,,,,,,,,,,,,,,,,,,,,,,,,,,,,,,,,,,,,,,,,,,,,,,,,,,,,,,,,,,,,,,,,,,,,,,,,,,,,,,,,,,,,,,,,,,,,,,,,,,,,,,,,,,,,,,,,,,,,,,,,,,,,,
010631,2010,x,291,197,41,USD/kg,38,count 19 < 200,Too few kg-based and non-kg-based records,report_010631_2010_x.parquet,,,,,,,,,,,,,,,,,,,,,,,,,,,,,,,,,,,,,,,,,,,,,,,,,,,,,,,,,,,,,,,,,,,,,,,,,,,,,,,,,,,,,,,,,,,,,,,,,,,,,,,,,,,,,,,,,,,,,,,,,,,,,,,,,,,,,,,,,,,,,,,,,,,,,,,,,,,,,,,,,,,,,,,,,,,,,,,,,,,,,,,,,,,,,,,,,,,,,,,,,,,,,,,,,,,,,,,,,,,,,,,,,,,,,,,,,,,,,,,,,,,,,,,,,,,,,,,,,,,,,,,,,,,,,,,,,,,,,,,,,,,,,,,,,,,,,,,,,,,,,,,,,,,,,,,,,,,,,,,,,,,,,
010632,2010,m,707,654,90,USD/kg,76,count 70 < 200,Too few kg-based and non-kg-based records,report_010632_2010_m.parquet,,,,,,,,,,,,,,,,,,,,,,,,,,,,,,,,,,,,,,,,,,,,,,,,,,,,,,,,,,,,,,,,,,,,,,,,,,,,,,,,,,,,,,,,,,,,,,,,,,,,,,,,,,,,,,,,,,,,,,,,,,,,,,,,,,,,,,,,,,,,,,,,,,,,,,,,,,,,,,,,,,,,,,,,,,,,,,,,,,,,,,,,,,,,,,,,,,,,,,,,,,,,,,,,,,,,,,,,,,,,,,,,,,,,,,,,,,,,,,,,,,,,,,,,,,,,,,,,,,,,,,,,,,,,,,,,,,,,,,,,,,,,,,,,,,,,,,,,,,,,,,,,,,,,,,,,,,,,,,,,,,,,,
010632,2010,x,941,696,202,USD/kg,189,count 105 < 200,Too few kg-based and non-kg-based records,report_010632_2010_x.parquet,,,,,,,,,,,,,,,,,,,,,,,,,,,,,,,,,,,,,,,,,,,,,,,,,,,,,,,,,,,,,,,,,,,,,,,,,,,,,,,,,,,,,,,,,,,,,,,,,,,,,,,,,,,,,,,,,,,,,,,,,,,,,,,,,,,,,,,,,,,,,,,,,,,,,,,,,,,,,,,,,,,,,,,,,,,,,,,,,,,,,,,,,,,,,,,,,,,,,,,,,,,,,,,,,,,,,,,,,,,,,,,,,,,,,,,,,,,,,,,,,,,,,,,,,,,,,,,,,,,,,,,,,,,,,,,,,,,,,,,,,,,,,,,,,,,,,,,,,,,,,,,,,,,,,,,,,,,,,,,,,,,,,
010633,2010,m,2,2,2,USD/kg,1,No non-kg alternative units found,Too few kg-based and non-kg-based records,report_010633_2010_m.parquet,,,,,,,,,,,,,,,,,,,,,,,,,,,,,,,,,,,,,,,,,,,,,,,,,,,,,,,,,,,,,,,,,,,,,,,,,,,,,,,,,,,,,,,,,,,,,,,,,,,,,,,,,,,,,,,,,,,,,,,,,,,,,,,,,,,,,,,,,,,,,,,,,,,,,,,,,,,,,,,,,,,,,,,,,,,,,,,,,,,,,,,,,,,,,,,,,,,,,,,,,,,,,,,,,,,,,,,,,,,,,,,,,,,,,,,,,,,,,,,,,,,,,,,,,,,,,,,,,,,,,,,,,,,,,,,,,,,,,,,,,,,,,,,,,,,,,,,,,,,,,,,,,,,,,,,,,,,,,,,,,,,,,
010633,2010,x,0,0,0,USD/kg,0,No non-kg alternative units found,Too few kg-based and non-kg-based records,report_010633_2010_x.parquet,,,,,,,,,,,,,,,,,,,,,,,,,,,,,,,,,,,,,,,,,,,,,,,,,,,,,,,,,,,,,,,,,,,,,,,,,,,,,,,,,,,,,,,,,,,,,,,,,,,,,,,,,,,,,,,,,,,,,,,,,,,,,,,,,,,,,,,,,,,,,,,,,,,,,,,,,,,,,,,,,,,,,,,,,,,,,,,,,,,,,,,,,,,,,,,,,,,,,,,,,,,,,,,,,,,,,,,,,,,,,,,,,,,,,,,,,,,,,,,,,,,,,,,,,,,,,,,,,,,,,,,,,,,,,,,,,,,,,,,,,,,,,,,,,,,,,,,,,,,,,,,,,,,,,,,,,,,,,,,,,,,,,
010639,2010,m,1005,939,180,USD/kg,161,count 52 < 200,Too few kg-based and non-kg-based records,report_010639_2010_m.parquet,,,,,,,,,,,,,,,,,,,,,,,,,,,,,,,,,,,,,,,,,,,,,,,,,,,,,,,,,,,,,,,,,,,,,,,,,,,,,,,,,,,,,,,,,,,,,,,,,,,,,,,,,,,,,,,,,,,,,,,,,,,,,,,,,,,,,,,,,,,,,,,,,,,,,,,,,,,,,,,,,,,,,,,,,,,,,,,,,,,,,,,,,,,,,,,,,,,,,,,,,,,,,,,,,,,,,,,,,,,,,,,,,,,,,,,,,,,,,,,,,,,,,,,,,,,,,,,,,,,,,,,,,,,,,,,,,,,,,,,,,,,,,,,,,,,,,,,,,,,,,,,,,,,,,,,,,,,,,,,,,,,,,
010639,2010,x,1548,1097,328,USD/kg,272,count 131 < 200,,report_010639_2010_x.parquet,272,0,0.0,272,0,0,0.0,SI+HH,unimodal,0,False,272,272,False,0.604,fail to reject,0.114,fail to reject,3.0917160937372437,3.1759283704751913,-700.2744782446853,3.0917160937372437,3.0917160937372437,3.0917173112105325,10.086521014389204,10.123740649128647,0.0,0.0,1404.5489564893705,1411.7605606219624,-7.382394874783561,7.4338026984752155,5.3796094342496374,-681.6879296704808,3.1803407696661914,3.8053113177917792,5.862024052734163,10.84825928523992,10.123740649128647,-0.924380967011578,0.7876273762545942,1369.3758593409616,1380.1932655398496,8737068092.444677,3.0917187219655062,3.175928760025773,-700.2744782465635,3.0917187219655062,3.0917187219655062,3.091719939430593,10.086523491067746,10.123740649128647,0.0,6.867292253262141e-10,1406.548956493127,1417.366362692015,2.63137410182739,2.884635258158299,5.01489695286453,-698.3364542474221,2.884635258158299,2.884635258158299,2.8846357960996705,10.072135863296875,10.123740649128647,0.0,-0.4352797619756794,1402.6729084948443,1413.4903146937322,9.371777408024794,2.743730698576167,11.908215290383101,0.5429585091404749,-686.5256425050575,3.0868670410093646,3.6537315979662193,4.680193559225734,11.099665627142254,10.123740649128647,-1.181995836227675,2.5857828846341375,1381.051285010115,1395.474493275299,3.2885807088995547,1.8475533862170261,-705.2094970492838,3.2885807088995547,3.2885807088995547,3.28858068689331,11.229811944596035,10.123740649128647,0.0,1.2,1414.4189940985675,1421.6305982311594,skewnorm,2.8206970161657012,3.5779101076385618,3.4338779899713505,4.2647900418331,4.94656490670555,8.132255634903863,8.97951970253521,13.473273485274412,,,,,,,,,,,,,,,,,,,,,,,,,,,,,,,,,,,,,,,,,,,,,,,,,,,,,,,,,,,,,,,,,,,,,,,,,,,,,,,,,,,,,,,,,,,,,,,,,,,,,,,,,,,,,,,,,,,,,,,,,,,,,,,,,,,,,,,,,,,,,,,,,,,,,,,,,,,,,,,,,,,,,,,,,,,,,,,,,,,,,,,,,,,,,,,,,,,,,,,,,,,,,,,,,,,,,,,,,,,,,
010649,2010,m,3,3,1,USD/kg,1,No non-kg alternative units found,Too few kg-based and non-kg-based records,report_010649_2010_m.parquet,,,,,,,,,,,,,,,,,,,,,,,,,,,,,,,,,,,,,,,,,,,,,,,,,,,,,,,,,,,,,,,,,,,,,,,,,,,,,,,,,,,,,,,,,,,,,,,,,,,,,,,,,,,,,,,,,,,,,,,,,,,,,,,,,,,,,,,,,,,,,,,,,,,,,,,,,,,,,,,,,,,,,,,,,,,,,,,,,,,,,,,,,,,,,,,,,,,,,,,,,,,,,,,,,,,,,,,,,,,,,,,,,,,,,,,,,,,,,,,,,,,,,,,,,,,,,,,,,,,,,,,,,,,,,,,,,,,,,,,,,,,,,,,,,,,,,,,,,,,,,,,,,,,,,,,,,,,,,,,,,,,,,
010649,2010,x,30,30,4,USD/kg,4,No non-kg alternative units found,Too few kg-based and non-kg-based records,report_010649_2010_x.parquet,,,,,,,,,,,,,,,,,,,,,,,,,,,,,,,,,,,,,,,,,,,,,,,,,,,,,,,,,,,,,,,,,,,,,,,,,,,,,,,,,,,,,,,,,,,,,,,,,,,,,,,,,,,,,,,,,,,,,,,,,,,,,,,,,,,,,,,,,,,,,,,,,,,,,,,,,,,,,,,,,,,,,,,,,,,,,,,,,,,,,,,,,,,,,,,,,,,,,,,,,,,,,,,,,,,,,,,,,,,,,,,,,,,,,,,,,,,,,,,,,,,,,,,,,,,,,,,,,,,,,,,,,,,,,,,,,,,,,,,,,,,,,,,,,,,,,,,,,,,,,,,,,,,,,,,,,,,,,,,,,,,,,
010690,2010,m,7296,5775,976,USD/kg,905,share 9.28% < 10% and count 88 < 200,,report_010690_2010_m.parquet,905,49,5.414364640883978,856,49,0,0.0,SI+HH,unimodal,1,False,856,856,True,0.04,reject,0.678,fail to reject,3.935438717504067,1.6383687216639948,-1637.2194959772291,3.935438717504067,3.935438717504067,3.935437848652562,2.6842520681269124,2.6873915442299854,0.0,0.0,3278.4389919544583,3287.9435327067417,-2.1702039550022274,5.647320016669873,2.3695473166545913,-1614.8962472688359,3.9302179458800675,4.08151664015225,4.409449198109026,2.666314964354336,2.6873915442299854,-0.4990965764540996,0.34628387145840417,3235.7924945376717,3250.049305666097,9.191955955053663,4.003041255943733,1.4518097778429169,-1629.2015464464632,4.003041255943733,4.003041255943733,4.003041257164793,2.693893049094791,2.6873915442299854,0.0,1.1556338404912345,3264.4030928929265,3278.659904021352,1.6048144636294093,3.973170507091436,2.0124957969336728,-1631.7137253502183,3.973170507091436,3.973170507091436,3.9731717103132826,2.679484359564643,2.6873915442299854,0.0,0.5435877439675378,3269.4274507004366,3283.684261828862,8.838056684162364,4.873146326641242,11.424075427606112,2.4565040999602,-1611.9740694108825,3.9359233374675977,4.091936696299867,4.393620171214413,2.6767205185075675,2.6873915442299854,-0.5994284931632162,0.66371291598821,3231.948138821765,3250.957220326332,4.005962139878238,0.9120361206682406,-1629.7850666311138,4.005962139878238,4.005962139878238,4.005962146976988,2.7365448352829143,2.6873915442299854,0.0,1.2,3263.5701332622275,3273.074674014511,johnsonsu,3.8304468632620594,4.041794550423918,3.984458025346915,4.202620293370086,4.229140250022966,4.550287355514637,2.369709621398899,3.000238262793845,,,,,,,,,,,,,,,,,,,,,,,,,,,,,,,,,,,,,,,,,,,,,,,,,,,,,,,,,,,,,,,,,,,,,,,,,,,,,,,,,,,,,,,,,,,,,,,,,,,,,,,,,,,,,,,,,,,,,,,,,,,,,,,,,,,,,,,,,,,,,,,,,,,,,,,,,,,,,,,856,3,3,3247.2502,3247.2502,None,None,True,0.2,10,0.001,3,856,0.001,10,3.4315,0.5334,0.7012,3.3547,3.5083,NLD (13.15%),USA (9.19%),BEL (7.1%),5.4348,0.3724,0.6826,5.3441,5.5255,FRA (7.37%),ITA (7.37%),GBR (7.05%),0.8596,0.0942,2.0549,0.5466,1.1726,ISR (23.08%),NLD (15.38%),NAM (9.23%),,,,,,,,,,,,,,,,,,,,,,,,
010690,2010,x,6598,5248,1216,USD/kg,1037,None,,report_010690_2010_x.parquet,1037,29,2.796528447444552,1008,29,0,0.0,SI+HH,multimodal,2,False,1008,1008,False,0.032,reject,0.02,reject,,,,,,,,,,,,,,,,,,,,,,,,,,,,,,,,,,,,,,,,,,,,,,,,,,,,,,,,,,,,,,,,,,,,,,,,,,,,,,,,,,,,,,,6598,5248,1216,USD/l,Volume in liters (l),0.1856,217,217,1,0.4608294930875576,216,1,0,0.0,SI+HH,unimodal,0,False,216,216,False,0.538,fail to reject,0.084,fail to reject,-0.2980250386244107,2.7029286144244495,-521.2672683247496,-0.2980250386244107,-0.2980250386244107,-0.2980242423002324,7.305823094674475,7.339803667207844,0.0,0.0,1046.5345366494992,1053.2850934648675,0.818944335406802,-1.8834732664045957,3.133602294393551,-521.1920792274558,-0.2993352840383996,-0.3386935499310495,-0.41789474296352086,7.309970192253285,7.339803667207844,0.08633145136082548,0.03337425136926314,1048.3841584549116,1058.509993677964,340981773628.1144,-0.298024839070513,2.7029287156663733,-521.2672683248338,-0.298024839070513,-0.29802483907051286,-0.29802404274690875,7.305823642016721,7.339803667207844,0.0,1.7596248433542893e-11,1048.5345366496676,1058.6603718727201,2.832470299112275,-0.23586528824168823,4.360569795284887,-519.0953963025232,-0.23586528824168823,-0.23586528824168823,-0.23587025357262098,7.30308501569258,7.339803667207844,0.0,-0.5213578051169008,1044.1907926050465,1054.316627828099,-29.273853528308152,22.980107903832227,-53.390568697196485,32.19639307629442,-521.098585090229,-0.29767309041987033,-0.34791853652773597,-0.4482413655950467,7.309612514990482,7.339803667207844,0.11174518434666277,0.02425259403273783,1050.197170180458,1063.6982838111946,-0.35107793224811346,1.5806878332250334,-526.2620179537555,-0.35107793224811346,-0.35107793224811346,-0.35107775360951693,8.21997906816663,7.339803667207844,0.0,1.2,1056.524035907511,1063.2745927228793,gennorm,-0.6055145927087242,0.12513476061899387,-0.6055145927087242,0.12513476061899387,-0.6055156453402215,0.12509427032400997,6.096344801132833,8.60325494039572,,,,,,,,,,,,,,,,,,,,,,,,,,,,,,,,,,,,,,,,,,,,,,,,1008,5,5,3969.332,3969.332,None,None,True,0.2,10,0.001,5,1008,0.001,10,3.2372,0.3707,0.2912,3.1825,3.2919,ITA (6.62%),NLD (6.15%),FRA (5.67%),4.4178,0.3063,0.9307,4.3102,4.5254,MAR (6.69%),USA (6.69%),ESP (5.91%),0.1429,0.1451,1.227,-0.0366,0.3224,EGY (12.6%),SDN (10.24%),KEN (6.3%),1.7122,0.1352,0.0652,1.6693,1.7551,MAR (13.21%),NOR (7.55%),USA (7.55%),-2.4367,0.0427,0.0245,-2.4835,-2.39,GBR (11.11%),TWN (8.89%),,,,,,,,,NLD (6.67%)
020110,2010,m,2632,2483,738,USD/kg,678,No non-kg alternative units found,,report_020110_2010_m.parquet,678,128,18.87905604719764,550,128,0,0.0,SI+HH,unimodal,0,False,550,550,False,0.276,fail to reject,0.596,fail to reject,1.6766834960714947,0.6768861115802325,-565.7774583138662,1.6766834960714947,1.6766834960714947,1.6766835026480809,0.45817480805020694,0.4590093705421017,0.0,0.0,1135.5549166277324,1144.1747531841854,4.196079612335954,0.9010523578688057,1.029451151640773,-506.31408921881047,1.7000589534792692,1.5952454032406413,1.3201084583404887,0.42135813378549103,0.4590093705421017,0.8004559741530852,0.6500838997240492,1018.6281784376209,1031.5579332723005,4.12964343416694,1.5665825668712556,0.5046877444785307,-544.1634966366951,1.5665825668712556,1.5665825668712556,1.5665816062427418,0.4939138184232978,0.4590093705421017,0.0,46.28078574556942,1094.3269932733901,1107.2567481080696,1.2656134348950117,1.5687041326440239,0.6653594839001256,-551.0730064431157,1.5687041326440239,1.5687041326440239,1.5687032819469044,0.4589578974191458,0.4590093705421017,0.0,1.465170957801492,1108.1460128862313,1121.0757677209108,-1.469852310440965,1.3905093603050929,0.9380359518709441,0.45721511690297806,-493.44608376084057,1.6872235532028812,1.5165097206242972,1.3043887820566178,0.5697021099214286,0.4590093705421017,2.5479595726438946,15.428404701523341,994.8921675216811,1012.1318406345872,1.599051870498093,0.36224760452016,-547.6486926274589,1.599051870498093,1.599051870498093,1.5990525652966219,0.43170744183108706,0.4590093705421017,0.0,1.2,1099.2973852549178,1107.9172218113708,johnsonsu,1.6307535498371222,1.7472772156630618,1.4639618694309091,1.5752352627841166,1.2416114349443772,1.3784235726197076,0.45555483592444707,0.7210738276154046,,,,,,,,,,,,,,,,,,,,,,,,,,,,,,,,,,,,,,,,,,,,,,,,,,,,,,,,,,,,,,,,,,,,,,,,,,,,,,,,,,,,,,,,,,,,,,,,,,,,,,,,,,,,,,,,,,,,,,,,,,,,,,,,,,,,,,,,,,,,,,,,,,,,,,,,,,,,,,,,,,,,,,,,,,,,,,,,,,,,,,,,,,,,,,,,,,,,,,,,,,,,,,,,,,,,,,,,,,,,,
020110,2010,x,2725,2486,511,USD/kg,495,No non-kg alternative units found,,report_020110_2010_x.parquet,495,40,8.080808080808081,455,40,0,0.0,SI+HH,unimodal,0,False,455,455,False,0.208,fail to reject,0.998,fail to reject,1.5368356333353757,0.3804437979094909,-205.89738020049313,1.5368356333353757,1.5368356333353757,1.5368355583122852,0.14473748336779754,0.14505628839724208,0.0,0.0,415.79476040098626,424.03535523888814,1.179099693846891,1.2457392910962102,0.47902983597625287,-204.20793672862567,1.537232954654436,1.524575785050451,1.4988180086788094,0.14450102786083951,0.14505628839724208,0.19352825528399586,0.09791411847223182,414.41587345725134,426.77676571410416,9.134828757995187,1.5304852843551198,0.3383827358628705,-203.65642580475586,1.5304852843551198,1.5304852843551198,1.5304842337375044,0.14659975724670374,0.14505628839724208,0.0,1.168490768198978,413.3128516095117,425.6737438663646,1.387960818232497,1.523802555297841,0.413638466323391,-199.973807239047,1.523802555297841,1.523802555297841,1.5238025397908,0.145788267445521,0.14505628839724208,0.0,1.0525292542192357,405.947614478094,418.30850673494683,-0.3200310132293865,2.114285331567715,1.4156820799312795,0.7135958000055417,-202.23643146382256,1.5369412227524337,1.524109192600922,1.504258235664408,0.14734986050428728,0.14505628839724208,0.2671157743005959,1.3872897378155074,412.4728629276451,428.95405260344893,1.5287888234694909,0.2108250636276683,-202.68564552675778,1.5287888234694909,1.5287888234694909,1.5287895575432644,0.14622545143342827,0.14505628839724208,0.0,1.2,409.37129105351556,417.61188589141744,gennorm,1.4894895878136591,1.5577292323389857,1.4894895878136591,1.5577292323389857,1.4894887348828443,1.5577305058077187,0.12578990955870997,0.16673093597420557,,,,,,,,,,,,,,,,,,,,,,,,,,,,,,,,,,,,,,,,,,,,,,,,,,,,,,,,,,,,,,,,,,,,,,,,,,,,,,,,,,,,,,,,,,,,,,,,,,,,,,,,,,,,,,,,,,,,,,,,,,,,,,,,,,,,,,,,,,,,,,,,,,,,,,,,,,,,,,,,,,,,,,,,,,,,,,,,,,,,,,,,,,,,,,,,,,,,,,,,,,,,,,,,,,,,,,,,,,,,,
020120,2010,m,7269,6862,1622,USD/kg,1587,No non-kg alternative units found,,report_020120_2010_m.parquet,1587,133,8.380592312539383,1454,133,0,0.0,SI+HH,unimodal,1,False,1454,1454,True,0.356,fail to reject,0.006,reject,1.7458406791467322,0.6995447228463366,-1543.5852754397042,1.7458406791467322,1.7458406791467322,1.7458393619058823,0.4893628192621579,0.4896996140448573,0.0,0.0,3091.1705508794084,3101.7346981955952,1.5918568372071016,1.1072005345387277,0.9472124195330699,-1528.1579223601182,1.7471676766113347,1.7062201932344454,1.6211122775169913,0.48765342478511214,0.4896996140448573,0.330346372101097,0.19974635612711494,3062.3158447202363,3078.1620656945165,13.799581685090551,1.7307257850689832,0.6456840572759622,-1534.2700859457852,1.7307257850689832,1.7307257850689832,1.7307252582157664,0.48757276315982,0.4896996140448573,0.0,0.6122710328675176,3074.5401718915705,3090.3863928658507,1.8478159945876667,1.7396518395777054,0.9462716212359293,-1542.1335974435851,1.7396518395777054,1.7396518395777054,1.7396532739422708,0.48902205255823744,0.4896996140448573,0.0,0.17025502764660772,3090.2671948871703,3106.1134158614504,-1.17304589459496,2.6690046306438777,0.9772623357253813,1.5810514604576404,-1519.8192875005043,1.7469020019805352,1.6947337230410238,1.6056387886172385,0.4943928496551575,0.4896996140448573,0.5299434031355008,1.086124743149142,3047.6385750010086,3068.7668696333826,1.7205571046249617,0.39536539868592196,-1541.2994122560026,1.7205571046249617,1.7205571046249617,1.7205571082478393,0.514251784470078,0.4896996140448573,0.0,1.2,3086.598824512005,3097.162971828192,johnsonsu,1.70832677365227,1.783825814251161,1.651277247926807,1.7354220597512104,1.5315478949490668,1.676397909777453,0.45379490147803064,0.5416092613237077,,,,,,,,,,,,,,,,,,,,,,,,,,,,,,,,,,,,,,,,,,,,,,,,,,,,,,,,,,,,,,,,,,,,,,,,,,,,,,,,,,,,,,,,,,,,,,,,,,,,,,,,,,,,,,,,,,,,,,,,,,,,,,,,,,,,,,,,,,,,,,,,,,,,,,,,,,,,,,,1454,5,5,3041.1233,3041.1233,None,None,True,0.2,10,0.001,5,1454,0.001,10,1.1071,0.3488,0.0554,1.0866,1.1276,POL (23.22%),FRA (8.83%),DEU (8.06%),2.2241,0.2945,0.0616,2.2006,2.2476,NLD (20.47%),FRA (14.66%),DNK (8.41%),1.6928,0.2437,0.054,1.6686,1.717,DEU (14.08%),AUT (10.85%),FRA (10.85%),3.0183,0.0959,0.2536,2.9348,3.1019,BEL (41.28%),FRA (11.01%),DEU (9.17%),0.1543,0.0171,0.3769,-0.0872,0.3958,GBR (31.58%),KOR (15.79%),,,,,,,,,NAM (10.53%)
020120,2010,x,9972,8956,1648,USD/kg,1622,No non-kg alternative units found,,report_020120_2010_x.parquet,1622,69,4.254007398273736,1553,69,0,0.0,SI+HH,unimodal,0,False,1553,1553,False,0.308,fail to reject,0.882,fail to reject,1.7575559466775608,0.6453625566293199,-1523.4860369671721,1.7575559466775608,1.7575559466775608,1.7575561538564592,0.4164928294991321,0.41676118828102576,0.0,0.0,3050.9720739343443,3061.6679615806415,1.0171185510653602,1.3115982979600755,0.7844510360181254,-1520.6696338301124,1.7579173367427108,1.7423017992488319,1.7107106785674,0.4161627435300548,0.41676118828102576,0.142136256296307,0.06488226061928828,3047.339267660225,3063.383099129671,18722.524356708498,1.757549176866278,0.6453183599036736,-1523.4741915170941,1.757549176866278,1.757549176866278,1.7575493840912657,0.41648027538532467,0.41676118828102576,0.0,0.00032053808760035464,3052.9483830341883,3068.9922145036344,1.6704221895309352,1.746179264244781,0.8171331269684277,-1517.4261487268564,1.746179264244781,1.746179264244781,1.7461780769613484,0.41625674314473843,0.41676118828102576,0.0,0.4270845439457518,3040.8522974537127,3056.896128923159,-0.48192246408077116,2.4384639142675493,1.4513929832822838,1.4195684501667367,-1511.280216544183,1.7585496358706134,1.7337773779953993,1.693036140967263,0.4201479202913098,0.41676118828102576,0.283877806131815,0.9906722653680573,3030.560433088366,3051.952208380961,1.7424174273283053,0.3618503614640341,-1517.9694409710826,1.7424174273283053,1.7424174273283053,1.7424174864803783,0.43076113465687194,0.41676118828102576,0.0,1.2,3039.938881942165,3050.6347695884624,johnsonsu,1.7277480427424832,1.790849357080045,1.7002737412376194,1.7687394840241182,1.6428435968090227,1.743672053111466,0.38713123361538443,0.4522029614365674,,,,,,,,,,,,,,,,,,,,,,,,,,,,,,,,,,,,,,,,,,,,,,,,,,,,,,,,,,,,,,,,,,,,,,,,,,,,,,,,,,,,,,,,,,,,,,,,,,,,,,,,,,,,,,,,,,,,,,,,,,,,,,,,,,,,,,,,,,,,,,,,,,,,,,,,,,,,,,,,,,,,,,,,,,,,,,,,,,,,,,,,,,,,,,,,,,,,,,,,,,,,,,,,,,,,,,,,,,,,,
020130,2010,m,8925,7925,2261,USD/kg,2191,No non-kg alternative units found,,report_020130_2010_m.parquet,2191,159,7.256960292104061,2032,159,0,0.0,SI+HH,unimodal,0,False,2032,2032,False,0.362,fail to reject,0.86,fail to reject,2.305362191146033,0.7705988102063724,-2353.76952141771,2.305362191146033,2.305362191146033,2.305362239400019,0.5938225262914768,0.5941149056741905,0.0,0.0,4711.53904283542,4722.772594452817,2.0864272585953785,1.517177443714837,1.102299214876021,-2300.3350543074635,2.310293855524509,2.2428733501177045,2.097733627134278,0.586029916434443,0.5941149056741905,0.47730343491581273,0.32627131215867267,4606.670108614927,4623.520436041022,7.418996365074649,2.2625330633578202,0.6635258852591142,-2332.01824245006,2.2625330633578202,2.2625330633578202,2.2625329250754023,0.6027566892550114,0.5941149056741905,0.0,1.7549009590330462,4670.03648490012,4686.886812326215,1.442373311725276,2.26249670647114,0.8670124328175155,-2329.813698166733,2.26249670647114,2.26249670647114,2.262498548089988,0.5952945571314867,0.5941149056741905,0.0,0.9028248095690268,4665.627396333466,4682.477723759561,-1.1504742450761003,2.2206666595623528,1.4957526123921783,1.3521394033216365,-2290.1786368084513,2.3061642566040943,2.2280234349293506,2.10270728467316,0.604857028274476,0.5941149056741905,0.7753336742522907,1.96340409160039,4588.357273616903,4610.824376851696,2.2612192628229284,0.42560064381234547,-2330.1959183848294,2.2612192628229284,2.2612192628229284,2.2612189754965013,0.5959132516417295,0.5941149056741905,0.0,1.2,4664.391836769659,4675.625388387056,johnsonsu,2.2731284805915437,2.3412766989145766,2.194411073681546,2.2609714050226284,2.0567385410417756,2.1474508446325653,0.5606068996171576,0.6548064263100775,,,,,,,,,,,,,,,,,,,,,,,,,,,,,,,,,,,,,,,,,,,,,,,,,,,,,,,,,,,,,,,,,,,,,,,,,,,,,,,,,,,,,,,,,,,,,,,,,,,,,,,,,,,,,,,,,,,,,,,,,,,,,,,,,,,,,,,,,,,,,,,,,,,,,,,,,,,,,,,,,,,,,,,,,,,,,,,,,,,,,,,,,,,,,,,,,,,,,,,,,,,,,,,,,,,,,,,,,,,,,
020130,2010,x,11230,10432,2563,USD/kg,2543,No non-kg alternative units found,,report_020130_2010_x.parquet,2543,54,2.12347620920173,2489,54,0,0.0,SI+HH,unimodal,1,False,2489,2489,True,0.012,reject,0.268,fail to reject,2.0538994082695545,0.5556817925032955,-2069.302502732172,2.0538994082695545,2.0538994082695545,2.0538993045248737,0.30878225451967556,0.3089063631428748,0.0,0.0,4142.605005464344,4154.244278069079,1.4159226771779854,1.5791508621564991,0.7308687001611895,-2048.0791562794825,2.0554814831720716,2.0290553383655476,1.974677887285577,0.30727819635822584,0.3089063631428748,0.2723273851195583,0.15439784384965438,4102.158312558965,4119.617221466067,8.456693667283748,2.0380252493562696,0.4870978635419443,-2043.7172861061022,2.0380252493562696,2.0380252493562696,2.0380250844076295,0.31075839262414895,0.3089063631428748,0.0,1.3462895249107085,4093.4345722122043,4110.893481119307,1.6011657954805856,2.042440849141556,0.6811496527641558,-2052.130818439851,2.042440849141556,2.042440849141556,2.0424420062102357,0.3080257157497479,0.3089063631428748,0.0,0.5504824333654232,4110.261636879702,4127.720545786804,-0.6197489355978631,2.166402503231283,1.720027269082982,1.037284024920478,-2026.8644888103368,2.054645316937368,2.0208300610212953,1.9677260842117354,0.31243613886865446,0.3089063631428748,0.47568368201427746,1.5192086775444587,4061.7289776206735,4085.007522830144,2.035653813448025,0.30836962224035874,-2043.7225591754434,2.035653813448025,2.035653813448025,2.035653381131699,0.3128395612916585,0.3089063631428748,0.0,1.2,4091.445118350887,4103.0843909556215,johnsonsu,2.031577683991814,2.076287569051213,1.9985866215049817,2.042838444207348,1.93491897909619,1.999882007172291,0.29035632667862765,0.33447803422073563,,,,,,,,,,,,,,,,,,,,,,,,,,,,,,,,,,,,,,,,,,,,,,,,,,,,,,,,,,,,,,,,,,,,,,,,,,,,,,,,,,,,,,,,,,,,,,,,,,,,,,,,,,,,,,,,,,,,,,,,,,,,,,,,,,,,,,,,,,,,,,,,,,,,,,,,,,,,,,,2489,2,4,4083.6603,4050.5628,2,None,True,0.2,10,0.001,2,2489,0.001,10,1.9309,0.579,0.1591,1.9103,1.9515,DEU (6.45%),NLD (5.88%),ITA (5.57%),2.223,0.421,0.4676,2.1816,2.2644,CHE (5.63%),AUT (4.4%),ESP (4.4%),,,,,,,,,,,,,,,,,,,,,,,,,,,,,,,,
020210,2010,m,904,882,291,USD/kg,276,No non-kg alternative units found,,report_020210_2010_m.parquet,276,36,13.043478260869565,240,36,0,0.0,SI+HH,unimodal,0,False,240,240,False,0.278,fail to reject,0.188,fail to reject,2.5096262283747137,1.5772880386876933,-449.91491382657387,2.5096262283747137,2.5096262283747137,2.509626149554769,2.4878375569872704,2.498246919150396,0.0,0.0,903.8298276531477,910.7911054998317,3.00384018907927,0.8118725098482034,2.3173731935754653,-430.05950385459556,2.5662085608964684,2.369180730757856,1.9083687127928104,2.292523538294531,2.498246919150396,0.6676226913112425,0.510380722129637,866.1190077091911,876.5609244792171,2.862685835985447,2.2067679159685736,1.0147829253793796,-433.4163522097218,2.2067679159685736,2.2067679159685736,2.2067679157952202,3.417175815257871,2.498246919150396,nan,inf,872.8327044194436,883.2746211894696,1.139592177546076,2.2568100293500937,1.3516551259886802,-438.0372343749607,2.2568100293500937,2.2568100293500937,2.2568102631166767,2.461800312435712,2.498246919150396,0.0,2.047073205743832,882.0744687499214,892.5163855199473,-1.1728534042075096,1.309303537461408,1.057993939474916,1.080432512975277,-416.1899447532586,2.5339515740856338,2.160558253644373,1.730101360456587,3.016009162302947,2.498246919150396,2.6665129262601366,18.253169682668624,840.3798895065172,854.3024451998851,2.323653227079344,0.8197656962720683,-438.7603567477479,2.323653227079344,2.323653227079344,2.3236532279307953,2.2108433551817237,2.498246919150396,0.0,1.2,881.5207134954958,888.4819913421798,johnsonsu,2.3495428806036567,2.7452000469864366,2.0074540158247234,2.366740478058228,1.5276523955811463,1.9776233900538776,2.016411355168378,4.508414494316867,,,,,,,,,,,,,,,,,,,,,,,,,,,,,,,,,,,,,,,,,,,,,,,,,,,,,,,,,,,,,,,,,,,,,,,,,,,,,,,,,,,,,,,,,,,,,,,,,,,,,,,,,,,,,,,,,,,,,,,,,,,,,,,,,,,,,,,,,,,,,,,,,,,,,,,,,,,,,,,,,,,,,,,,,,,,,,,,,,,,,,,,,,,,,,,,,,,,,,,,,,,,,,,,,,,,,,,,,,,,,
020210,2010,x,934,827,145,USD/kg,119,No non-kg alternative units found,Too few kg-based and non-kg-based records,report_020210_2010_x.parquet,,,,,,,,,,,,,,,,,,,,,,,,,,,,,,,,,,,,,,,,,,,,,,,,,,,,,,,,,,,,,,,,,,,,,,,,,,,,,,,,,,,,,,,,,,,,,,,,,,,,,,,,,,,,,,,,,,,,,,,,,,,,,,,,,,,,,,,,,,,,,,,,,,,,,,,,,,,,,,,,,,,,,,,,,,,,,,,,,,,,,,,,,,,,,,,,,,,,,,,,,,,,,,,,,,,,,,,,,,,,,,,,,,,,,,,,,,,,,,,,,,,,,,,,,,,,,,,,,,,,,,,,,,,,,,,,,,,,,,,,,,,,,,,,,,,,,,,,,,,,,,,,,,,,,,,,,,,,,,,,,,,,,
